entry_date,exit_date,side,size_oz,entry_price,exit_price,pnl,pnl_R,holding_bars
2024-03-03 23:15:00,2024-03-04 01:00:00,long,1.2139,2085.24,2081.707593162477,-4.2881,-1.0,7
2024-03-04 10:45:00,2024-03-04 13:15:00,long,0.8363,2083.91,2081.4238192637454,-2.0792,-1.0,10
2024-03-04 13:45:00,2024-03-04 13:45:00,long,1.2289,2085.1499999999996,2091.413266101002,7.6968,2.2487,0
2024-03-05 07:00:00,2024-03-05 07:00:00,long,1.0563,2117.48,2114.596282243216,-3.0461,-1.0,0
2024-03-07 09:30:00,2024-03-07 14:30:00,long,1.3493,2156.16,2152.184869295343,-5.3635,-1.0,20
2024-03-12 23:30:00,2024-03-13 02:45:00,short,1.4885,2156.73,2161.012506389109,-6.3745,-1.0,13
2024-03-13 06:15:00,2024-03-13 10:30:00,short,0.9275,2159.6299999999997,2162.3142993201463,-2.4898,-1.0,17
2024-03-21 04:15:00,2024-03-21 07:45:00,long,2.0,2203.14,2206.9348270754926,7.5897,0.5987,14
2024-03-21 13:00:00,2024-03-21 13:00:00,long,1.7966,2207.9399999999996,2203.0984597915303,-8.6985,-1.0,0
2024-03-22 01:45:00,2024-03-22 01:45:00,short,1.4175,2181.52,2173.9784980946297,10.69,2.3786,0
2024-03-22 04:00:00,2024-03-22 07:15:00,short,1.365,2173.65,2164.0365185518676,13.1225,2.4037,13
2024-03-22 11:00:00,2024-03-22 12:00:00,short,1.3141,2167.1299999999997,2170.926768146765,-4.9893,-1.0,4
2024-04-01 05:45:00,2024-04-01 09:15:00,long,1.8121,2261.1099999999997,2255.8433118878556,-9.5436,-1.0,14
2024-04-03 00:15:00,2024-04-03 01:00:00,long,1.965,2285.27,2279.582489208715,-11.1761,-1.0,3
2024-04-04 01:00:00,2024-04-04 01:00:00,long,1.6514,2302.47,2298.1209943766544,-7.1818,-1.0,0
2024-04-04 03:30:00,2024-04-04 05:45:00,long,1.4609,2299.91,2295.5217221192966,-6.411,-1.0,9
2024-04-04 09:00:00,2024-04-04 12:00:00,long,1.294,2291.8399999999997,2288.0309501549095,-4.929,-1.0,12
2024-04-08 05:00:00,2024-04-08 05:30:00,long,2.0,2342.3999999999996,2333.7404579077797,-17.3191,-1.0,2
2024-04-08 09:00:00,2024-04-08 12:15:00,long,1.0,2336.5099999999998,2329.1756143728544,-7.3344,-1.0,13
2024-04-11 00:00:00,2024-04-11 01:15:00,short,0.8709,2335.48,2340.6407746847344,-4.4947,-1.0,5
2024-04-12 05:15:00,2024-04-12 07:15:00,long,0.9304,2385.18,2398.7002385631795,12.5795,2.3769,8
2024-04-15 23:15:00,2024-04-16 06:30:00,long,1.0,2386.1099999999997,2378.5780458039717,-7.532,-1.0,29
2024-04-22 09:45:00,2024-04-22 11:15:00,short,0.895,2360.24,2346.8598431490013,11.9753,2.4301,6
2024-04-22 22:30:00,2024-04-22 23:30:00,short,0.8883,2326.8799999999997,2332.059901309478,-4.6015,-1.0,4
2024-04-23 06:15:00,2024-04-23 11:15:00,short,1.0,2304.74,2300.32,4.42,0.5747,20
2024-04-24 00:15:00,2024-04-24 01:00:00,long,0.5537,2322.66,2319.1598805408826,-1.9379,-1.0,3
2024-04-24 05:15:00,2024-04-24 07:30:00,long,0.682,2325.52,2321.2962327594546,-2.8805,-1.0,9
2024-04-30 10:00:00,2024-04-30 13:00:00,short,0.7102,2314.74,2304.336410640111,7.3885,2.4186,12
2024-04-30 18:15:00,2024-04-30 19:00:00,short,1.0,2295.5299999999997,2290.305,5.225,0.8298,3
2024-05-01 00:00:00,2024-05-01 04:30:00,short,0.7092,2291.24,2285.005897666138,4.4213,1.3905,18
2024-05-01 08:45:00,2024-05-01 09:00:00,short,0.5694,2284.65,2288.1274685366075,-1.9802,-1.0,1
2024-05-02 00:45:00,2024-05-02 02:45:00,long,0.9426,2325.0,2318.932707800236,-5.7192,-1.0,8
2024-05-02 06:15:00,2024-05-02 07:00:00,long,0.6685,2316.6099999999997,2312.3995696386582,-2.8148,-1.0,3
2024-05-02 23:00:00,2024-05-03 04:45:00,short,0.6532,2303.83,2307.9574061672015,-2.6961,-1.0,23
2024-05-06 09:30:00,2024-05-06 12:45:00,long,0.7189,2318.52,2329.2932128034445,7.7453,2.3475,13
2024-05-13 11:15:00,2024-05-13 11:30:00,short,0.6903,2340.1,2344.419551679588,-2.9816,-1.0,1
2024-05-13 17:45:00,2024-05-13 19:00:00,short,0.7801,2336.72,2337.525,-0.628,-0.1593,5
2024-05-16 07:30:00,2024-05-16 08:45:00,long,0.6572,2389.68,2385.491500243599,-2.7525,-1.0,5
2024-05-16 10:30:00,2024-05-16 12:30:00,long,0.5992,2383.5,2379.6164221540143,-2.327,-1.0,8
2024-05-20 03:00:00,2024-05-20 06:15:00,long,1.0,2434.25,2445.404556444541,11.1546,1.4796,13
2024-05-21 04:15:00,2024-05-21 07:30:00,short,0.9993,2412.93,2419.4027613112435,-6.468,-1.0,13
2024-05-22 18:15:00,2024-05-22 19:00:00,short,1.0,2385.98,2378.035,7.945,1.1318,3
2024-05-23 04:30:00,2024-05-23 05:45:00,short,0.7276,2371.7599999999998,2360.39779772622,8.2667,2.4109,5
2024-05-24 06:30:00,2024-05-24 08:45:00,short,0.6571,2336.8199999999997,2341.106909241903,-2.8171,-1.0,9
2024-05-24 10:00:00,2024-05-24 10:15:00,short,0.657,2337.52,2341.7642856062675,-2.7886,-1.0,1
2024-05-29 18:30:00,2024-05-29 19:00:00,short,0.7175,2341.74,2338.3849999999998,2.4071,0.7134,2
2024-06-02 23:15:00,2024-06-03 01:15:00,short,0.7221,2325.96,2330.8403520422994,-3.5242,-1.0,8
2024-06-03 09:30:00,2024-06-03 10:15:00,short,0.7125,2324.46,2329.164183023817,-3.3519,-1.0,3
2024-06-04 04:00:00,2024-06-04 06:15:00,long,0.525,2345.91,2348.5635294244407,1.393,0.7594,9
2024-06-04 06:45:00,2024-06-04 06:45:00,long,0.5606,2347.96,2344.433569944367,-1.9769,-1.0,0
2024-06-05 00:15:00,2024-06-05 01:45:00,short,0.3971,2328.17,2330.8220765494275,-1.0531,-1.0,6
2024-06-06 10:00:00,2024-06-06 12:00:00,long,0.5591,2361.83,2357.987051399978,-2.1484,-1.0,8
2024-06-10 08:30:00,2024-06-10 11:00:00,short,0.6945,2294.89,2299.50710866665,-3.2065,-1.0,10
2024-06-17 01:30:00,2024-06-17 02:30:00,long,0.5284,2326.6499999999996,2323.1336100656667,-1.8581,-1.0,4
2024-06-21 07:45:00,2024-06-21 08:30:00,long,0.5285,2360.8799999999997,2365.212588178126,2.2897,1.2846,3
2024-06-27 19:00:00,2024-06-27 19:00:00,long,0.6228,2326.5,2326.135,-0.2273,-0.0833,0
2024-06-28 03:15:00,2024-06-28 03:45:00,long,0.4944,2324.1699999999996,2320.84355669183,-1.6446,-1.0,2
2024-07-08 03:15:00,2024-07-08 06:45:00,long,0.5552,2383.21,2379.3210971783956,-2.159,-1.0,14
2024-07-17 03:45:00,2024-07-17 06:00:00,long,0.9383,2471.79,2465.190769354126,-6.1918,-1.0,9
2024-07-17 09:45:00,2024-07-17 10:45:00,long,0.8404,2472.5499999999997,2466.8396122824065,-4.7992,-1.0,4
2024-07-19 05:45:00,2024-07-19 08:00:00,short,0.7649,2423.5899999999997,2419.5482987682403,3.0917,0.8034,9
2024-07-22 02:45:00,2024-07-22 12:00:00,short,0.6438,2405.2799999999997,2394.8216166143593,6.7333,2.4112,37
2024-07-25 05:15:00,2024-07-25 10:30:00,short,0.9238,2374.8799999999997,2374.72,0.1478,0.0253,21
2024-07-25 15:45:00,2024-07-25 18:30:00,short,1.0,2364.7599999999998,2359.562286327867,5.1977,0.6152,11
2024-07-29 07:30:00,2024-07-29 08:15:00,long,0.6414,2392.37,2387.8844680213797,-2.8768,-1.0,3
2024-07-30 23:00:00,2024-07-31 01:00:00,long,0.6245,2409.41,2404.8701001198942,-2.835,-1.0,8
2024-07-31 03:00:00,2024-07-31 03:30:00,long,0.7401,2407.6699999999996,2418.291792509057,7.8607,2.3454,2
2024-07-31 08:45:00,2024-07-31 14:15:00,long,0.6935,2419.21,2425.2819014446177,4.2111,1.2535,22
2024-07-31 15:45:00,2024-07-31 19:00:00,long,0.7586,2423.0299999999997,2433.5950000000003,8.0144,1.9355,13
2024-08-01 00:45:00,2024-08-01 01:15:00,long,0.5953,2447.99,2457.8494197920627,5.8693,2.3189,2
2024-08-02 08:15:00,2024-08-02 12:15:00,long,0.83,2463.1299999999997,2457.2525131290936,-4.8782,-1.0,16
2024-08-05 02:15:00,2024-08-05 02:45:00,short,1.0,2434.0899999999997,2445.257077414436,-11.1671,-1.0,2
2024-08-05 08:00:00,2024-08-05 11:00:00,short,1.0,2431.8799999999997,2404.9605886645013,26.9194,2.4679,12
2024-08-05 23:30:00,2024-08-06 00:30:00,short,1.621,2408.73,2414.4145646684015,-9.2147,-1.0,4
2024-08-06 04:15:00,2024-08-06 06:00:00,short,1.574,2409.8799999999997,2396.5075581947053,21.0481,2.4239,7
2024-08-07 01:30:00,2024-08-07 02:00:00,short,1.6092,2381.0299999999997,2386.406354640684,-8.6516,-1.0,2
2024-08-07 03:30:00,2024-08-07 04:15:00,short,1.533,2385.75,2391.2316038971035,-8.4035,-1.0,3
2024-08-13 07:15:00,2024-08-13 12:30:00,long,1.2938,2461.6699999999996,2471.948553252676,13.2985,2.3406,21
2024-08-15 03:00:00,2024-08-15 04:00:00,short,1.0026,2451.39,2454.965960192377,-3.5852,-1.0,4
2024-08-15 05:15:00,2024-08-15 06:00:00,short,0.8272,2452.44,2455.4683885907534,-2.505,-1.0,3
2024-08-19 06:30:00,2024-08-19 10:00:00,long,1.3431,2504.45,2499.5647465599386,-6.5612,-1.0,14
2024-08-22 18:45:00,2024-08-22 19:00:00,short,1.6132,2481.0699999999997,2482.415,-2.1698,-0.2304,1
2024-08-23 02:15:00,2024-08-23 03:15:00,short,0.9736,2488.71,2492.293188343142,-3.4884,-1.0,4
2024-09-02 05:30:00,2024-09-02 06:00:00,short,1.0448,2496.04,2499.8634143683576,-3.9949,-1.0,2
2024-09-13 06:30:00,2024-09-13 07:15:00,long,1.1161,2567.8999999999996,2563.958716539075,-4.399,-1.0,3
2024-09-13 10:45:00,2024-09-13 13:15:00,long,1.226,2567.91,2578.610569495897,13.1184,2.3465,10
2024-09-19 18:45:00,2024-09-19 19:00:00,long,1.3465,2589.62,2588.1150000000002,-2.0264,-0.2937,1
2024-09-20 18:15:00,2024-09-20 19:00:00,long,1.5912,2620.72,2621.635,1.456,0.1557,3
2024-09-25 02:00:00,2024-09-25 03:00:00,long,1.2333,2660.2999999999997,2666.779788195929,7.9913,1.4843,4
2024-09-25 08:00:00,2024-09-25 13:30:00,long,1.3812,2657.18,2661.2278443170453,5.591,0.7944,22
2024-10-02 01:30:00,2024-10-02 03:45:00,long,1.0276,2659.39,2655.435631200729,-4.0633,-1.0,9
2024-10-11 18:45:00,2024-10-11 19:00:00,long,1.1285,2657.3799999999997,2658.515,1.2809,0.2675,1
2024-10-16 11:15:00,2024-10-16 13:30:00,long,1.0987,2675.83,2685.2901258419524,10.394,2.3278,9
2024-10-18 08:45:00,2024-10-18 10:30:00,long,1.2141,2704.9399999999996,2709.485893186769,5.5191,0.9932,7
2024-10-18 11:00:00,2024-10-18 11:30:00,long,1.2006,2712.75,2708.3019587900303,-5.3403,-1.0,2
2024-10-21 08:00:00,2024-10-21 10:00:00,long,1.1541,2730.6299999999997,2733.586607886968,3.4123,0.6808,8
2024-10-24 04:15:00,2024-10-24 05:00:00,short,1.0311,2723.35,2727.124871340724,-3.8923,-1.0,3
2024-10-30 05:30:00,2024-10-30 06:45:00,long,0.9097,2781.54,2789.2371266353457,7.0017,2.2727,5
2024-10-30 11:30:00,2024-10-30 12:00:00,long,1.0721,2781.3999999999996,2777.357386448914,-4.334,-1.0,2
2024-11-01 05:30:00,2024-11-01 05:45:00,short,0.8523,2752.0299999999997,2755.1746249208168,-2.6801,-1.0,1
2024-11-06 16:15:00,2024-11-06 20:00:00,short,2.0,2668.6,2667.265,2.67,0.1026,15
2024-11-07 06:15:00,2024-11-07 07:00:00,short,1.5662,2654.47,2660.2110987798187,-8.9919,-1.0,3
2024-11-11 09:15:00,2024-11-11 10:15:00,short,1.2541,2667.85,2672.3800354034597,-5.681,-1.0,4
2024-11-12 20:00:00,2024-11-12 20:00:00,short,1.668,2598.08,2598.355,-0.4587,-0.0441,0
2024-11-13 23:45:00,2024-11-14 03:00:00,short,1.8127,2572.16,2563.5613632713125,15.5865,1.2555,13
2024-11-14 08:30:00,2024-11-14 09:30:00,short,1.54,2555.6099999999997,2541.5866428781283,21.5966,2.4571,4
2024-11-14 11:30:00,2024-11-14 11:45:00,short,1.8498,2545.79,2552.43183443231,-12.286,-1.0,1
2024-11-18 08:15:00,2024-11-18 10:00:00,long,1.3793,2586.23,2592.206068919603,8.2427,1.1616,7
2024-11-18 12:45:00,2024-11-18 14:15:00,long,1.466,2595.1299999999997,2603.7056531105422,12.5723,1.5361,6
2024-11-18 17:45:00,2024-11-18 20:00:00,long,1.3844,2610.97,2609.715,-1.7374,-0.234,9
2024-11-21 03:30:00,2024-11-21 08:15:00,long,1.1868,2654.39,2665.205906850906,12.8359,2.348,19
2024-11-22 09:30:00,2024-11-22 10:15:00,long,1.6972,2695.43,2708.3128143747217,21.8641,2.3712,3
2024-11-25 09:30:00,2024-11-25 11:00:00,short,2.0,2671.64,2679.3918749506547,-15.5037,-1.0,6
2024-11-26 06:30:00,2024-11-26 08:00:00,short,1.5972,2623.0899999999997,2616.370511302058,10.7321,1.0773,6
2024-11-26 09:00:00,2024-11-26 09:00:00,short,1.7429,2613.33,2619.4108400132004,-10.5985,-1.0,0
2024-11-27 13:45:00,2024-11-27 15:00:00,long,1.5188,2652.5699999999997,2646.932111621182,-8.5629,-1.0,5
2024-11-29 13:30:00,2024-11-29 13:45:00,long,1.5019,2662.31,2656.7416006921576,-8.3633,-1.0,1
2024-11-29 15:45:00,2024-11-29 19:15:00,long,1.6866,2655.39,2649.123524861694,-10.569,-1.0,14
2024-12-02 05:15:00,2024-12-02 07:30:00,short,1.686,2625.3799999999997,2631.7831674460576,-10.7957,-1.0,9
2024-12-09 13:30:00,2024-12-09 14:15:00,long,1.3712,2656.71,2668.4248718639396,16.0639,2.359,3
2024-12-09 16:30:00,2024-12-09 18:00:00,long,1.602,2668.93,2662.6852658343214,-10.0038,-1.0,6
2024-12-10 00:15:00,2024-12-10 01:30:00,long,0.862,2659.48,2662.712400627865,2.7863,0.9189,5
2024-12-12 06:30:00,2024-12-12 07:45:00,long,1.1646,2713.9199999999996,2717.2600814464563,3.8897,0.7167,5
2024-12-12 18:15:00,2024-12-12 20:00:00,short,1.8327,2683.45,2683.235,0.394,0.0301,7
2024-12-13 02:45:00,2024-12-13 08:45:00,short,1.2973,2687.0699999999997,2674.8023238921464,15.9154,2.4239,24
2024-12-13 19:30:00,2024-12-13 20:00:00,short,1.2987,2652.56,2653.1549999999997,-0.7728,-0.1158,2
2024-12-19 08:45:00,2024-12-19 09:00:00,short,1.6908,2613.99,2620.3388333773887,-10.7344,-1.0,1
2024-12-20 02:15:00,2024-12-20 06:15:00,short,1.4811,2598.73,2604.301669472399,-8.2523,-1.0,16
2024-12-23 06:15:00,2024-12-23 07:45:00,long,0.9596,2627.27,2629.989782478256,2.6099,0.7144,6
2025-01-02 05:00:00,2025-01-02 10:15:00,long,0.8418,2634.22,2642.1455908271737,6.672,2.2971,21
2025-01-03 02:00:00,2025-01-03 05:45:00,long,0.9977,2659.6699999999996,2661.8771050013274,2.202,0.5847,15
2025-01-13 18:30:00,2025-01-13 20:00:00,short,1.5461,2659.69,2659.075,0.9508,0.1002,6
2025-01-14 02:45:00,2025-01-14 05:00:00,short,0.9217,2670.6,2674.216868188348,-3.3337,-1.0,9
2025-01-21 14:15:00,2025-01-21 15:30:00,long,1.3144,2729.0299999999997,2734.654132492103,7.3924,1.1024,5
2025-01-21 18:15:00,2025-01-21 20:00:00,long,1.3436,2743.3999999999996,2742.605,-1.0682,-0.1462,7
2025-01-22 03:00:00,2025-01-22 05:45:00,long,0.9118,2749.27,2757.9550282957935,7.9189,2.3135,11
2025-01-24 08:45:00,2025-01-24 13:15:00,long,1.0686,2772.79,2782.315047567285,10.1783,2.313,18
2025-01-28 03:30:00,2025-01-28 05:00:00,short,1.076,2739.25,2743.57743997089,-4.6563,-1.0,6
2025-01-29 06:45:00,2025-01-29 07:00:00,long,0.5862,2761.04,2758.640231026701,-1.4066,-1.0,1
2025-02-04 19:45:00,2025-02-04 20:00:00,long,1.2389,2843.6899999999996,2842.965,-0.8982,-0.1433,1
2025-02-05 02:00:00,2025-02-05 02:30:00,long,1.4004,2844.74,2848.9535082417015,5.9008,0.8791,2
2025-02-05 11:30:00,2025-02-05 13:30:00,long,1.3713,2869.6699999999996,2864.09077412586,-7.6506,-1.0,8
2025-02-10 13:15:00,2025-02-10 13:45:00,long,1.4928,2905.33,2899.9561572852253,-8.0221,-1.0,2
2025-02-10 17:45:00,2025-02-10 20:00:00,long,1.6431,2902.0099999999998,2904.195,3.5903,0.3387,9
2025-02-12 00:00:00,2025-02-12 01:00:00,short,1.0697,2898.48,2895.0243358159832,3.6966,0.8453,4
2025-02-12 02:00:00,2025-02-12 06:00:00,short,1.431,2893.19,2888.2530318222753,7.0647,0.867,16
2025-02-17 06:00:00,2025-02-17 07:30:00,short,1.5936,2896.17,2902.1720978174812,-9.5648,-1.0,6
2025-02-17 08:00:00,2025-02-17 19:15:00,short,1.5771,2902.35,2898.7975387486536,5.6027,0.5641,45
2025-02-18 18:00:00,2025-02-18 20:00:00,long,1.2113,2931.45,2935.645,5.0814,0.8458,8
2025-02-19 01:15:00,2025-02-19 02:30:00,long,0.8669,2932.85,2935.88550272793,2.6315,0.8595,5
2025-02-26 04:00:00,2025-02-26 07:00:00,short,1.4635,2917.1299999999997,2910.490869639077,9.7165,1.1353,12
2025-02-28 12:45:00,2025-02-28 13:15:00,short,1.3783,2856.2799999999997,2861.7126701743805,-7.4877,-1.0,2
2025-03-04 00:15:00,2025-03-04 01:00:00,long,1.2702,2893.33,2888.211220056897,-6.5019,-1.0,3
2025-03-04 18:15:00,2025-03-04 20:00:00,long,1.8571,2914.24,2915.945,3.1664,0.2339,7
2025-03-10 23:00:00,2025-03-11 01:45:00,short,1.5014,2884.5099999999998,2890.768238041516,-9.3961,-1.0,11
2025-03-11 22:15:00,2025-03-12 00:30:00,long,1.0364,2917.47,2913.065752371072,-4.5644,-1.0,9
2025-03-12 00:45:00,2025-03-12 03:45:00,long,0.895,2913.6,2916.721628348455,2.7939,0.8327,12
2025-03-14 06:45:00,2025-03-14 09:30:00,long,1.2503,2984.97,2997.099917713114,15.1659,2.3636,11
2025-03-18 11:30:00,2025-03-18 13:15:00,long,1.3576,3024.77,3037.437645429607,17.1981,2.3691,7
2025-03-18 17:00:00,2025-03-18 17:30:00,long,1.5185,3036.24,3029.806631932357,-9.7692,-1.0,2
2025-03-28 12:15:00,2025-03-28 13:15:00,long,1.3658,3076.6099999999997,3071.112355254786,-7.5087,-1.0,4
2025-04-04 00:00:00,2025-04-04 02:30:00,short,1.9106,3112.8799999999997,3093.50503727341,37.0176,2.4513,10
2025-04-07 06:00:00,2025-04-07 13:45:00,short,2.0,3031.6099999999997,3017.6237348021637,27.9725,0.6929,31
2025-04-07 18:30:00,2025-04-07 19:00:00,short,2.0,2969.7599999999998,2965.915,7.69,0.2312,2
2025-04-08 13:15:00,2025-04-08 13:30:00,long,2.0,3018.74,3007.9187864147257,-21.6424,-1.0,1
2025-04-08 15:30:00,2025-04-08 16:00:00,long,2.0,3007.89,2996.336375513945,-23.1072,-1.0,2
2025-04-09 11:15:00,2025-04-09 12:00:00,long,2.0,3045.8199999999997,3071.8543576808383,52.0687,2.4187,3
2025-04-10 01:45:00,2025-04-10 03:00:00,long,2.0,3088.3199999999997,3123.6476307543335,70.6553,2.4443,5
2025-04-10 11:00:00,2025-04-10 14:15:00,long,2.0,3120.41,3146.319101915459,51.8182,2.4183,13
2025-04-11 04:30:00,2025-04-11 05:00:00,long,2.0,3216.45,3205.6127475554945,-21.6745,-1.0,2
2025-04-11 09:45:00,2025-04-11 16:15:00,long,2.0,3222.56,3234.670482343095,24.221,0.8504,26
2025-04-16 11:45:00,2025-04-16 16:15:00,long,2.0,3303.31,3329.629255572965,52.6385,2.4321,18
2025-04-21 18:30:00,2025-04-21 19:00:00,long,2.0,3425.1499999999996,3426.265,2.23,0.0986,2
2025-04-23 08:15:00,2025-04-23 09:00:00,short,2.0,3306.5099999999998,3324.811135285797,-36.6023,-1.0,3
2025-04-23 18:30:00,2025-04-23 19:00:00,short,2.0,3280.23,3283.015,-5.57,-0.1704,2
2025-04-24 09:45:00,2025-04-24 13:30:00,long,2.0,3330.41,3318.1131747208574,-24.5937,-1.0,15
2025-04-25 12:15:00,2025-04-25 13:30:00,short,2.0,3292.97,3265.526479379547,54.887,2.4561,5
2025-04-25 14:45:00,2025-04-25 18:00:00,short,2.0,3282.12,3295.6140699608163,-26.9881,-1.0,13
2025-04-29 15:45:00,2025-04-29 16:15:00,short,2.0,3306.14,3316.9916702704636,-21.7033,-1.0,2
2025-05-01 09:15:00,2025-05-01 10:30:00,short,2.0,3230.16,3221.493129881627,17.3337,0.9076,5
2025-05-01 11:30:00,2025-05-01 12:15:00,short,2.0,3223.0499999999997,3212.188034621364,21.7239,1.2079,3
2025-05-02 07:00:00,2025-05-02 10:00:00,long,2.0,3253.1299999999997,3260.6607610397054,15.0615,0.8769,12
2025-05-06 11:00:00,2025-05-06 11:30:00,long,2.0,3383.79,3374.2461546470463,-19.0877,-1.0,2
2025-05-09 04:00:00,2025-05-09 04:45:00,short,2.0,3308.1299999999997,3321.918828007515,-27.5777,-1.0,3
2025-05-09 16:30:00,2025-05-09 19:00:00,long,2.0,3340.0099999999998,3338.635,-2.75,-0.1303,10
2025-05-13 08:45:00,2025-05-13 12:00:00,long,2.0,3254.5899999999997,3245.7930096694486,-17.594,-1.0,13
2025-05-14 16:45:00,2025-05-14 19:00:00,short,1.0,3179.46,3172.125,7.335,0.6233,9
2025-05-14 22:15:00,2025-05-15 01:00:00,short,0.9758,3180.69,3188.967494080159,-8.0774,-1.0,11
2025-05-16 06:45:00,2025-05-16 08:00:00,long,1.0,3215.72,3204.732009248537,-10.988,-1.0,5
2025-05-19 06:00:00,2025-05-19 09:00:00,long,1.0,3224.31,3238.2283234044726,13.9183,1.3041,12
2025-05-19 10:00:00,2025-05-19 12:45:00,long,1.0,3242.24,3232.64916863111,-9.5908,-1.0,11
2025-05-19 16:45:00,2025-05-19 19:00:00,long,1.0,3232.24,3233.425,1.185,0.1179,9
2025-05-21 00:15:00,2025-05-21 01:00:00,long,0.8993,3294.91,3313.312434193127,16.5498,2.4084,3
2025-05-21 07:30:00,2025-05-21 12:15:00,long,1.0,3312.85,3303.3571137488784,-9.4929,-1.0,19
2025-05-23 00:45:00,2025-05-23 04:15:00,short,0.9908,3302.85,3309.8492495783858,-6.9352,-1.0,14
2025-05-23 11:30:00,2025-05-23 11:45:00,long,0.9694,3331.58,3349.7427437103406,17.6067,2.4072,1
2025-05-23 18:15:00,2025-05-23 19:00:00,long,1.0,3365.3599999999997,3361.925,-3.435,-0.3613,3
2025-05-26 14:30:00,2025-05-26 16:30:00,short,0.7795,3336.62,3343.261882140427,-5.1774,-1.0,8
2025-05-27 14:00:00,2025-05-27 19:00:00,short,1.0,3294.9,3305.1139962041284,-10.214,-1.0,20
2025-05-28 01:00:00,2025-05-28 03:15:00,short,0.7167,3308.43,3294.802102997625,9.7666,2.3895,9
2025-05-29 17:45:00,2025-05-29 19:00:00,long,1.0,3323.2,3321.065,-2.135,-0.2415,5
2025-05-30 17:30:00,2025-05-30 19:00:00,short,1.0,3291.5699999999997,3294.065,-2.495,-0.235,6
2025-06-02 15:45:00,2025-06-02 19:00:00,long,1.0,3375.02,3379.085,4.065,0.425,13
2025-06-03 00:00:00,2025-06-03 00:00:00,long,0.7449,3387.6099999999997,3381.6820825172813,-4.416,-1.0,0
2025-06-03 16:30:00,2025-06-03 19:00:00,short,0.9607,3349.04,3353.795,-4.5683,-0.5628,10
2025-06-08 22:45:00,2025-06-09 02:15:00,short,0.9367,3312.2,3302.359918963402,9.2169,1.2533,14
2025-06-09 03:30:00,2025-06-09 04:15:00,short,1.0,3304.22,3313.1838723030537,-8.9639,-1.0,3
2025-06-12 06:45:00,2025-06-12 07:30:00,long,0.7614,3372.2999999999997,3365.6710414976833,-5.0471,-1.0,3
2025-06-13 10:30:00,2025-06-13 10:45:00,long,1.0,3422.35,3412.5959076601866,-9.7541,-1.0,1
2025-06-13 14:45:00,2025-06-13 14:45:00,long,1.0,3436.5,3425.8472245533535,-10.6528,-1.0,0
2025-06-16 23:45:00,2025-06-16 23:45:00,short,0.8341,3393.98,3400.562477292765,-5.4902,-1.0,0
2025-06-17 06:00:00,2025-06-17 06:45:00,short,0.869,3392.44,3387.037250893018,4.6951,0.7235,3
2025-06-24 10:00:00,2025-06-24 10:30:00,short,0.9973,3318.5499999999997,3327.1956209063596,-8.6222,-1.0,2
2025-06-27 10:00:00,2025-06-27 10:00:00,short,0.9347,3282.69,3290.4741893627697,-7.2762,-1.0,0
2025-06-27 16:45:00,2025-06-27 19:00:00,short,1.0,3274.71,3275.975,-1.265,-0.1347,9
2025-06-29 22:15:00,2025-06-29 22:15:00,short,1.0,3265.72,3248.3979000908994,17.3221,2.4456,0
2025-06-30 00:45:00,2025-06-30 01:15:00,short,0.9652,3264.83,3273.4752114613666,-8.3444,-1.0,2
2025-07-01 02:45:00,2025-07-01 05:30:00,long,0.6049,3318.27,3331.103950698839,7.7636,2.4144,11
2025-07-04 02:45:00,2025-07-04 03:30:00,short,0.504,3329.72,3334.1382690696983,-2.2269,-1.0,3
2025-07-07 08:45:00,2025-07-07 10:45:00,short,0.7798,3310.2799999999997,3302.9619670231127,5.7065,1.0432,8
2025-07-08 04:15:00,2025-07-08 07:15:00,long,0.5702,3331.21,3334.7922869288336,2.0425,0.6817,12
2025-07-08 07:45:00,2025-07-08 08:00:00,long,0.5888,3333.02,3327.7679578390785,-3.0924,-1.0,1
2025-07-08 22:30:00,2025-07-09 00:00:00,short,0.6059,3301.72,3307.225762726521,-3.3358,-1.0,6
2025-07-09 07:30:00,2025-07-09 12:45:00,short,0.7338,3290.69,3296.9274867791764,-4.5768,-1.0,21
2025-07-11 17:45:00,2025-07-11 19:00:00,long,0.7381,3352.4199999999996,3355.985,2.6315,0.5179,5
2025-07-14 02:30:00,2025-07-14 07:30:00,long,0.7709,3359.22,3370.2870213719657,8.5321,1.6426,20
2025-07-21 19:00:00,2025-07-21 19:00:00,long,0.5165,3395.7,3395.335,-0.1885,-0.0763,0
2025-07-22 04:45:00,2025-07-22 06:00:00,long,0.5399,3389.5,3384.6821009627934,-2.6012,-1.0,5
2025-07-23 00:15:00,2025-07-23 01:00:00,long,0.616,3433.0499999999997,3427.9385973016074,-3.1487,-1.0,3
2025-07-23 02:45:00,2025-07-23 10:00:00,long,0.6719,3421.81,3428.2252204431743,4.3105,1.0574,29
2025-07-24 01:15:00,2025-07-24 03:00:00,short,0.6184,3390.0499999999997,3376.7356792782125,8.2333,2.4235,7
2025-07-24 04:45:00,2025-07-24 06:30:00,short,0.6565,3383.0899999999997,3376.185568150025,4.5327,1.1562,7
2025-07-24 11:00:00,2025-07-24 13:00:00,short,0.6566,3364.2,3357.9540602639463,4.1014,1.0516,8
2025-07-28 00:30:00,2025-07-28 01:00:00,short,0.646,3332.3399999999997,3337.8970521425094,-3.5898,-1.0,2
2025-07-28 02:45:00,2025-07-28 03:45:00,short,0.7285,3332.58,3339.150813481287,-4.7865,-1.0,4
2025-07-29 00:15:00,2025-07-29 01:30:00,short,0.5287,3310.89,3315.5006323009616,-2.4378,-1.0,5
2025-07-30 23:15:00,2025-07-30 23:45:00,short,0.7758,3278.42,3285.6005930233373,-5.5704,-1.0,2
2025-07-31 05:15:00,2025-07-31 06:00:00,short,0.6156,3296.1099999999997,3301.867886143028,-3.5444,-1.0,3
2025-08-04 06:45:00,2025-08-04 07:15:00,long,0.5977,3360.45,3354.9317849079393,-3.2984,-1.0,2
2025-08-04 10:45:00,2025-08-04 12:00:00,long,0.5599,3358.33,3370.874282094018,7.0241,2.3679,5
2025-08-11 12:15:00,2025-08-11 13:45:00,short,0.8887,3353.5699999999997,3361.0110406817844,-6.6127,-1.0,6
2025-08-11 14:30:00,2025-08-11 19:00:00,short,1.0,3351.73,3356.365,-4.635,-0.5126,18
2025-08-21 01:15:00,2025-08-21 02:15:00,long,0.388,3344.1499999999996,3340.6159938608075,-1.3712,-1.0,4
2025-08-25 06:15:00,2025-08-25 08:15:00,long,0.3754,3367.96,3364.419527418862,-1.3289,-1.0,8
2025-08-25 09:30:00,2025-08-25 10:15:00,long,0.3841,3362.7799999999997,3365.6468351476015,1.1013,0.8665,3
2025-09-01 00:00:00,2025-09-01 00:45:00,long,0.6157,3448.12,3442.7167067488936,-3.3268,-1.0,3
2025-09-01 14:15:00,2025-09-02 01:15:00,long,0.7444,3478.23,3494.051807467139,11.2381,2.2844,30
2025-09-03 06:15:00,2025-09-03 11:30:00,long,0.7339,3533.2599999999998,3549.317781779791,11.7852,2.3956,21
2025-09-03 12:30:00,2025-09-03 13:30:00,long,0.7733,3547.43,3555.2671257299207,6.0608,1.1208,4
2025-09-07 22:30:00,2025-09-08 01:00:00,long,0.8786,3593.75,3585.780450500931,-7.0024,-1.0,10
2025-09-08 02:30:00,2025-09-08 04:00:00,long,0.8914,3590.37,3582.296541048227,-7.1966,-1.0,6
2025-09-16 04:45:00,2025-09-16 07:00:00,long,0.5253,3682.8399999999997,3690.0325599572,3.7784,1.4766,9
2025-09-16 08:15:00,2025-09-16 12:30:00,long,0.6703,3696.14,3689.950289372143,-4.149,-1.0,17
2025-09-22 00:15:00,2025-09-22 06:15:00,long,0.5571,3690.6899999999996,3703.0150140710175,6.8665,2.3784,24
2025-09-22 13:00:00,2025-09-22 13:45:00,long,0.8235,3721.8799999999997,3714.3194857445064,-6.226,-1.0,3
2025-09-23 00:30:00,2025-09-23 02:00:00,long,0.5697,3749.14,3743.7469665473322,-3.0723,-1.0,6
2025-09-23 04:30:00,2025-09-23 06:00:00,long,0.787,3746.27,3752.575025512506,4.9619,0.8461,6
2025-09-29 00:15:00,2025-09-29 01:00:00,long,0.8355,3774.35,3781.996671916936,6.3889,0.9913,3
2025-09-29 08:15:00,2025-09-29 12:00:00,long,1.0,3816.23,3823.1151932074067,6.8852,0.6393,15
2025-09-29 13:15:00,2025-09-29 17:15:00,long,1.0,3817.3399999999997,3825.3014972170795,7.9615,0.8198,16
2025-10-01 06:30:00,2025-10-01 08:00:00,long,0.8433,3862.0499999999997,3880.655846137684,15.6902,2.4094,6
2025-10-06 11:30:00,2025-10-06 12:30:00,long,1.0,3938.81,3928.659486170316,-10.1505,-1.0,4
2025-10-06 13:45:00,2025-10-06 16:00:00,long,1.0,3945.06,3954.50923002363,9.4492,0.8046,9
2025-10-07 01:45:00,2025-10-07 05:00:00,long,1.0,3960.08,3970.832869089507,10.7529,1.0969,13
2025-10-07 06:00:00,2025-10-07 06:30:00,long,0.9745,3965.0299999999997,3955.89561917165,-8.9019,-1.0,2
2025-10-08 17:45:00,2025-10-08 18:15:00,long,1.0,4049.9399999999996,4038.938900090286,-11.0011,-1.0,2
2025-10-10 06:15:00,2025-10-10 08:00:00,short,1.0,3970.8199999999997,3983.3060150131128,-12.486,-1.0,7
2025-10-13 00:30:00,2025-10-13 05:45:00,long,1.0,4040.75,4066.872596975639,26.1226,1.3966,21
2025-10-13 14:30:00,2025-10-13 16:30:00,long,1.0,4095.41,4108.147448683634,12.7374,1.1066,8
2025-10-16 13:15:00,2025-10-16 16:00:00,long,2.0,4246.07,4277.439798536904,62.7396,2.4375,11
2025-10-17 06:45:00,2025-10-17 07:15:00,long,2.0,4364.26,4341.482263827916,-45.5555,-1.0,2
2025-10-20 02:45:00,2025-10-20 06:30:00,short,2.0,4260.820000000001,4238.409734838565,44.8205,1.0998,15
2025-10-20 08:45:00,2025-10-20 11:45:00,short,2.0,4258.92,4275.275628283539,-32.7113,-1.0,12
2025-10-21 18:45:00,2025-10-21 19:00:00,short,2.0,4113.6900000000005,4115.155,-2.93,-0.0493,1
2025-10-22 12:45:00,2025-10-22 13:30:00,short,2.0,4045.1,4076.4038604156453,-62.6077,-1.0,3
2025-10-23 01:30:00,2025-10-23 05:45:00,short,1.0,4087.16,4107.56400443035,-20.404,-1.0,17
2025-10-23 07:45:00,2025-10-23 13:15:00,long,1.0,4102.94,4147.766700393587,44.8267,2.4654,22
2025-10-23 15:30:00,2025-10-23 16:45:00,long,1.0,4145.179999999999,4127.3925282129185,-17.7875,-1.0,5
2025-10-24 01:45:00,2025-10-24 02:15:00,long,1.0,4125.95,4110.768967776163,-15.181,-1.0,2
2025-10-27 22:15:00,2025-10-27 23:30:00,short,1.0,3985.5,4000.935773121534,-15.4358,-1.0,5
2025-10-30 17:30:00,2025-10-30 19:00:00,long,1.0,4002.6499999999996,4016.085,13.435,0.7975,6
2025-10-31 01:15:00,2025-10-31 01:45:00,long,1.0,4033.02,4017.9025611140764,-15.1174,-1.0,2
2025-10-31 07:00:00,2025-10-31 09:15:00,long,1.0,4013.33,3999.126364672336,-14.2036,-1.0,9
2025-11-05 16:30:00,2025-11-05 20:00:00,long,1.0,3981.5,3987.745,6.245,0.5204,14
2025-11-10 17:00:00,2025-11-10 18:30:00,long,1.0,4095.2999999999997,4107.438294778338,12.1383,1.1027,6
2025-11-13 00:30:00,2025-11-13 01:15:00,long,1.0,4193.099999999999,4181.9106716483575,-11.1893,-1.0,3
2025-11-14 08:30:00,2025-11-14 11:45:00,short,1.0,4176.87,4141.907534743803,34.9625,2.4509,13
2025-11-17 02:00:00,2025-11-17 05:30:00,short,2.0,4091.16,4050.8864638538735,80.5471,2.4763,14
2025-11-18 06:45:00,2025-11-18 08:00:00,short,2.0,4011.0899999999997,4025.034249860927,-27.8885,-1.0,5
2025-11-19 08:30:00,2025-11-19 09:45:00,long,2.0,4088.21,4115.880292310756,55.3406,2.4383,5
2025-11-19 14:15:00,2025-11-19 14:30:00,long,2.0,4117.9,4105.6994322353585,-24.4011,-1.0,1
2025-11-25 07:00:00,2025-11-25 07:30:00,long,2.0,4141.76,4131.905262726653,-19.7095,-1.0,2
2025-12-01 08:00:00,2025-12-01 13:45:00,long,2.0,4245.49,4254.564000425443,18.148,0.7725,23
2025-12-02 08:30:00,2025-12-02 09:30:00,short,2.0,4214.400000000001,4190.418586871745,47.9628,2.457,4
2025-12-02 13:15:00,2025-12-02 14:00:00,short,2.0,4204.83,4215.63082593093,-21.6017,-1.0,3
2025-12-02 18:15:00,2025-12-02 20:00:00,short,2.0,4192.3,4196.765,-8.93,-0.3205,7
2025-12-16 02:15:00,2025-12-16 02:45:00,short,1.9715,4310.64,4286.647364046239,47.3019,2.4605,2
2025-12-17 04:45:00,2025-12-17 07:15:00,long,1.7443,4329.95,4321.0772079248845,-15.4765,-1.0,10
2025-12-17 09:00:00,2025-12-17 10:30:00,long,2.0,4319.38,4309.48580543086,-19.7884,-1.0,6
2025-12-22 08:30:00,2025-12-22 13:15:00,long,1.9735,4413.65,4420.271333110708,13.067,0.6913,19
2025-12-22 19:00:00,2025-12-22 20:00:00,long,2.0,4435.5599999999995,4433.525,-4.07,-0.202,4
2025-12-23 05:45:00,2025-12-23 06:00:00,long,1.958,4481.429999999999,4471.928508861984,-18.6043,-1.0,1
2025-12-23 08:45:00,2025-12-23 09:00:00,long,1.7483,4492.15,4483.395050542673,-15.3065,-1.0,1
2025-12-29 11:45:00,2025-12-29 13:45:00,short,2.0,4452.97,4409.937707673433,86.0646,2.4818,8
2025-12-29 19:30:00,2025-12-29 20:00:00,short,2.0,4330.63,4337.025,-12.79,-0.3142,2
2025-12-29 23:30:00,2025-12-30 00:15:00,short,2.0,4333.6900000000005,4350.48882254887,-33.5976,-1.0,3
2025-12-30 14:30:00,2025-12-30 14:30:00,long,2.0,4390.9,4376.844450829939,-28.1111,-1.0,0
2026-01-02 11:45:00,2026-01-02 12:30:00,long,1.7603,4395.2699999999995,4386.411266923411,-15.5936,-1.0,3
2026-01-06 00:15:00,2026-01-06 01:00:00,long,1.0,4440.78,4429.870525208062,-10.9095,-1.0,3
2026-01-06 18:00:00,2026-01-06 20:00:00,long,1.0,4489.429999999999,4481.245,-8.185,-0.6619,8
2026-01-07 01:00:00,2026-01-07 01:00:00,long,1.0,4492.349999999999,4483.465730899731,-8.8843,-1.0,0
2026-01-07 19:45:00,2026-01-07 20:00:00,short,1.0,4453.2300000000005,4457.155,-3.925,-0.3053,1
2026-01-09 03:45:00,2026-01-09 07:15:00,long,0.9804,4464.15,4469.781242115969,5.5208,0.5489,14
2026-01-09 08:15:00,2026-01-09 08:30:00,long,0.8274,4474.5199999999995,4465.936535144504,-7.1023,-1.0,1
2026-01-12 07:45:00,2026-01-12 13:45:00,long,1.0,4584.07,4613.624042334186,29.554,2.4422,24
2026-01-19 03:00:00,2026-01-19 07:45:00,long,1.0,4662.67,4664.74,2.07,0.1128,19
2026-01-20 13:45:00,2026-01-20 14:30:00,long,1.0,4729.96,4742.655402924801,12.6954,1.2153,3
2026-01-21 12:00:00,2026-01-21 14:00:00,long,1.0,4867.139999999999,4851.933910342842,-15.2061,-1.0,8
2026-01-22 01:15:00,2026-01-22 05:45:00,short,1.0,4791.38,4818.81986515084,-27.4399,-1.0,18
2026-01-23 04:30:00,2026-01-23 08:15:00,long,1.0,4953.34,4938.6198213207435,-14.7202,-1.0,15
2026-01-23 12:15:00,2026-01-23 16:00:00,long,1.0,4934.179999999999,4972.693955104278,38.514,2.4554,15
2026-01-26 05:00:00,2026-01-26 05:15:00,long,1.0,5070.54,5052.478332386401,-18.0617,-1.0,1
2026-01-27 18:15:00,2026-01-27 20:00:00,long,1.0,5081.96,5131.798846005375,49.8388,2.462,7
2026-01-28 14:45:00,2026-01-28 15:00:00,long,1.0,5279.49,5255.172490149701,-24.3175,-1.0,1
2026-01-30 11:45:00,2026-01-30 14:00:00,short,1.0,5121.030000000001,5065.434952370256,55.595,0.7803,9
2026-02-03 04:45:00,2026-02-03 08:30:00,long,1.0,4820.86,4946.061290826116,125.2013,2.4847,15
2026-02-03 14:30:00,2026-02-03 16:45:00,long,2.0,4925.09,4955.663366595121,61.1467,0.891,9
2026-02-04 02:00:00,2026-02-04 07:30:00,long,2.0,5046.72,5070.086938145656,46.7339,0.5273,22
2026-02-04 10:45:00,2026-02-04 11:15:00,long,2.0,5060.12,5033.425148468288,-53.3897,-1.0,2
2026-02-05 11:45:00,2026-02-05 18:15:00,short,2.0,4871.59,4861.35,20.48,0.254,26
2026-02-09 14:00:00,2026-02-09 16:00:00,long,2.0,5007.3099999999995,5062.959617512611,111.2992,2.4705,8
2026-02-17 23:30:00,2026-02-18 02:00:00,short,2.0,4877.780000000001,4897.240953596838,-38.9219,-1.0,10
2026-02-19 01:15:00,2026-02-19 06:15:00,long,2.0,4966.099999999999,5001.020037054355,69.8401,2.4509,20
2026-02-19 09:45:00,2026-02-19 10:00:00,long,2.0,5003.63,4991.3558834421365,-24.5482,-1.0,1
2026-02-23 14:15:00,2026-02-23 14:45:00,long,2.0,5157.25,5193.316277158967,72.1326,2.4431,2
2026-02-25 00:45:00,2026-02-25 01:00:00,short,2.0,5147.150000000001,5165.194510869735,-36.089,-1.0,1
2026-02-25 14:30:00,2026-02-25 14:30:00,long,2.0,5177.95,5165.016686047756,-25.8666,-1.0,0
2026-02-25 19:15:00,2026-02-25 19:15:00,long,2.0,5207.48,5194.153950325042,-26.6521,-1.0,0
2026-03-02 05:30:00,2026-03-02 07:15:00,long,2.0,5351.0599999999995,5409.56394076546,117.0079,2.4704,7
2026-03-05 19:30:00,2026-03-05 20:00:00,short,2.0,5066.9400000000005,5066.105,1.67,0.0306,2
2026-03-09 12:15:00,2026-03-09 18:30:00,short,2.0,5096.27,5117.189111490074,-41.8382,-1.0,25
2026-03-10 00:45:00,2026-03-10 01:45:00,long,2.0,5137.78,5185.956994132386,96.354,2.4642,4
2026-03-10 04:15:00,2026-03-10 10:00:00,long,2.0,5164.62,5180.4539064589635,31.6678,0.7978,23
2026-03-10 12:30:00,2026-03-10 13:15:00,long,2.0,5179.91,5220.662462873899,81.5049,2.4578,3
2026-03-11 00:00:00,2026-03-11 04:30:00,long,2.0,5197.5199999999995,5207.42,19.8,0.6034,18
2026-03-11 22:15:00,2026-03-11 22:45:00,short,2.0,5175.04,5144.614466404459,60.8511,2.4688,2
2026-03-12 02:30:00,2026-03-12 05:30:00,short,2.0,5168.05,5151.681525533327,32.7369,0.9511,12
2026-03-13 10:30:00,2026-03-13 11:45:00,short,2.0,5089.27,5104.6487886237255,-30.7576,-1.0,5
2026-03-18 23:45:00,2026-03-19 01:30:00,short,2.0,4834.04,4856.839837502269,-45.5997,-1.0,7
2026-03-20 18:15:00,2026-03-20 18:45:00,short,2.0,4563.13,4477.507683822537,171.2446,2.4939,2
2026-03-22 22:45:00,2026-03-23 00:15:00,short,2.0,4506.820000000001,4412.209204728527,189.2216,2.4899,6
2026-03-23 05:30:00,2026-03-23 06:15:00,short,2.0,4356.29,4248.135893155557,216.3082,2.4911,3
2026-03-24 08:00:00,2026-03-24 11:00:00,long,2.0,4417.5199999999995,4377.493797453517,-80.0524,-1.0,12
2026-03-24 23:00:00,2026-03-25 00:30:00,long,2.0,4484.84,4565.95045017171,162.2209,2.4829,6
2026-03-25 12:45:00,2026-03-25 19:00:00,long,2.0,4547.63,4523.634050127659,-47.9919,-1.0,25
2026-03-26 03:30:00,2026-03-26 05:45:00,short,2.0,4506.6,4450.824831612608,111.5503,2.4829,9
2026-03-26 11:45:00,2026-03-26 14:15:00,short,2.0,4440.64,4466.0730897739995,-50.8662,-1.0,10
2026-03-26 17:30:00,2026-03-26 19:00:00,short,2.0,4383.3,4394.725,-22.85,-0.3715,6
2026-03-31 01:15:00,2026-03-31 01:30:00,long,2.0,4544.2699999999995,4604.255982721057,119.972,2.4712,1
2026-03-31 13:15:00,2026-03-31 14:45:00,long,2.0,4581.71,4602.430835662188,41.4417,0.8989,6
2026-04-01 01:30:00,2026-04-01 01:30:00,long,2.0,4708.42,4683.066394842846,-50.7072,-1.0,0
2026-04-01 10:30:00,2026-04-01 12:00:00,long,2.0,4728.74,4747.687926963106,37.8959,0.9214,6
2026-04-01 14:15:00,2026-04-01 17:45:00,long,2.0,4744.65,4775.447963328201,61.5959,1.286,14
2026-04-02 00:15:00,2026-04-02 01:00:00,long,2.0,4792.83,4773.642967639834,-38.3741,-1.0,3
2026-04-05 22:15:00,2026-04-06 02:15:00,short,2.0,4630.08,4655.910397680393,-51.6608,-1.0,16
2026-04-08 23:15:00,2026-04-09 01:45:00,short,2.0,4708.490000000001,4728.065739378051,-39.1515,-1.0,10
2026-04-09 03:00:00,2026-04-09 10:15:00,short,2.0,4719.030000000001,4738.005620507988,-37.9512,-1.0,29
2026-04-10 01:15:00,2026-04-10 02:15:00,long,2.0,4760.95,4747.648800420554,-26.6024,-1.0,4
2026-04-10 05:45:00,2026-04-10 06:15:00,long,2.0,4765.17,4752.748266059248,-24.8435,-1.0,2
2026-04-13 07:45:00,2026-04-13 10:45:00,short,2.0,4732.13,4721.297586467581,21.6648,0.7797,12
2026-04-13 11:45:00,2026-04-13 12:45:00,short,2.0,4707.7300000000005,4721.498994836809,-27.538,-1.0,4
2026-04-14 02:45:00,2026-04-14 05:30:00,long,2.0,4772.58,4759.243584011887,-26.6728,-1.0,11
2026-04-14 06:15:00,2026-04-14 07:00:00,long,1.0,4766.11,4794.263678758829,28.1537,2.4453,3
2026-04-14 10:15:00,2026-04-14 10:30:00,long,1.0,4782.5599999999995,4769.339476134759,-13.2205,-1.0,1
2026-04-14 19:00:00,2026-04-14 19:00:00,long,1.0,4835.99,4835.625,-0.365,-0.0235,0
2026-04-14 22:15:00,2026-04-15 00:00:00,long,1.0,4844.95,4832.859100914735,-12.0909,-1.0,7
2026-04-15 01:00:00,2026-04-15 01:15:00,long,1.0,4835.7699999999995,4864.898346083746,29.1283,2.4413,1
2026-04-15 03:30:00,2026-04-15 07:00:00,long,1.0,4826.74,4811.214576914208,-15.5254,-1.0,14
2026-04-20 10:00:00,2026-04-20 11:45:00,short,1.0,4791.39,4803.2867932753115,-11.8968,-1.0,7
2026-04-23 07:00:00,2026-04-23 10:30:00,short,1.0,4712.88,4695.557600528188,17.3224,1.2793,14
2026-04-24 06:15:00,2026-04-24 07:45:00,short,1.0,4681.71,4695.186029479917,-13.476,-1.0,6
2026-04-28 01:45:00,2026-04-28 02:00:00,short,0.8452,4687.3,4668.238513253509,16.1098,2.4505,1
2026-04-29 22:45:00,2026-04-30 00:00:00,short,1.0,4548.39,4563.516982369241,-15.127,-1.0,5
2026-04-30 13:00:00,2026-04-30 13:30:00,long,1.0,4639.8,4623.948524890152,-15.8515,-1.0,2
2026-05-01 01:45:00,2026-05-01 04:45:00,long,0.8405,4620.37,4610.812012914224,-8.0333,-1.0,12
2026-05-04 13:00:00,2026-05-04 15:15:00,short,1.0,4568.35,4527.626874023443,40.7231,2.4766,9
2026-05-07 02:45:00,2026-05-07 06:30:00,long,1.0,4704.41,4738.262311705045,33.8523,2.4494,15
2026-05-11 08:30:00,2026-05-11 12:15:00,short,1.0,4671.33,4685.591886139256,-14.2619,-1.0,15
2026-05-12 02:45:00,2026-05-12 04:45:00,long,1.0,4732.0599999999995,4717.175413286043,-14.8846,-1.0,8
2026-05-15 04:30:00,2026-05-15 05:30:00,short,1.0,4610.7300000000005,4570.943507407246,39.7865,2.476,4
2026-05-15 11:30:00,2026-05-15 13:45:00,short,1.0,4562.360000000001,4514.569195873128,47.7908,2.48,9
2026-05-19 17:30:00,2026-05-19 19:00:00,short,2.0,4506.88,4493.765,26.23,0.7313,6
2026-05-20 01:00:00,2026-05-20 01:30:00,short,2.0,4500.85,4468.231757713256,65.2365,2.4682,2
2026-05-20 03:45:00,2026-05-20 05:30:00,short,2.0,4460.6,4478.547517607798,-35.895,-1.0,7
2026-05-21 04:15:00,2026-05-21 05:15:00,long,2.0,4536.429999999999,4523.584137305197,-25.6917,-1.0,4
2026-05-26 16:45:00,2026-05-26 18:15:00,short,2.0,4506.410000000001,4495.590662161575,21.6387,0.8211,6
2026-05-28 10:45:00,2026-05-28 12:45:00,short,2.0,4389.070000000001,4403.176549872533,-28.2131,-1.0,8
2026-05-29 06:00:00,2026-05-29 10:30:00,long,2.0,4515.17,4541.452331032342,52.5647,2.4351,18
2026-06-01 09:30:00,2026-06-01 10:45:00,short,2.0,4496.360000000001,4508.182641420829,-23.6453,-1.0,5
2026-06-01 13:00:00,2026-06-01 13:15:00,short,2.0,4502.1,4472.3525875901105,59.4948,2.4681,1
2026-06-01 23:45:00,2026-06-02 00:15:00,short,1.5822,4483.360000000001,4492.139577847925,-13.8913,-1.0,2
2026-06-02 09:15:00,2026-06-02 09:30:00,long,2.0,4534.179999999999,4523.072011489797,-22.216,-1.0,1
2026-06-02 12:30:00,2026-06-02 12:45:00,long,1.7927,4529.55,4520.040551635308,-17.0479,-1.0,1
2026-06-03 04:30:00,2026-06-03 06:00:00,short,1.9921,4476.85,4464.678085231282,24.2472,1.0668,6
2026-06-03 11:45:00,2026-06-03 13:45:00,short,2.0,4460.17,4439.056419438812,42.2272,1.403,8
2026-06-04 19:00:00,2026-06-04 19:00:00,long,1.9896,4478.36,4477.995,-0.7262,-0.0324,0
2026-06-07 22:30:00,2026-06-07 23:15:00,short,2.0,4316.610000000001,4334.568287114745,-35.9166,-1.0,3
2026-06-08 04:45:00,2026-06-08 09:30:00,short,2.0,4307.6900000000005,4290.765742502276,33.8485,1.049,19
2026-06-10 11:15:00,2026-06-10 12:30:00,short,2.0,4168.46,4149.388177583779,38.1436,1.0358,5
2026-06-10 17:15:00,2026-06-10 19:00:00,short,2.0,4117.93,4101.765,32.33,0.6733,7
2026-06-11 10:30:00,2026-06-11 16:15:00,short,2.0,4087.5899999999997,4103.568374343307,-31.9567,-1.0,23
2026-06-12 00:30:00,2026-06-12 01:00:00,long,2.0,4220.62,4197.425456445792,-46.3891,-1.0,2
2026-06-12 11:45:00,2026-06-12 12:30:00,long,2.0,4209.91,4193.566858078303,-32.6863,-1.0,3
2026-06-15 12:30:00,2026-06-15 13:30:00,long,2.0,4337.8,4366.328264770764,57.0565,2.4198,4
2026-06-18 05:45:00,2026-06-18 08:45:00,short,2.0,4310.46,4271.914224882791,77.0916,2.4753,12
2026-06-18 14:00:00,2026-06-18 16:45:00,short,2.0,4256.52,4214.796975922304,83.446,2.4771,11
2026-06-18 18:15:00,2026-06-18 19:00:00,short,2.0,4228.31,4218.675,19.27,0.64,3
2026-06-22 07:30:00,2026-06-22 10:45:00,long,2.0,4197.87,4205.75443000512,15.7689,0.644,13
2026-06-22 12:00:00,2026-06-22 12:45:00,long,1.8571,4207.69,4196.894217782838,-20.0494,-1.0,3
2026-06-24 09:30:00,2026-06-24 11:45:00,short,2.0,4069.2599999999998,4053.685162868065,31.1497,1.0628,9
2026-06-24 18:45:00,2026-06-24 19:00:00,short,2.0,3983.35,3981.585,3.53,0.0757,1
2026-06-25 01:15:00,2026-06-25 11:15:00,short,2.0,3986.7,3983.28,6.84,0.1744,40
2026-06-26 18:15:00,2026-06-26 19:00:00,long,2.0,4077.0499999999997,4067.195,-19.71,-0.707,3
2026-06-29 12:30:00,2026-06-29 14:15:00,short,2.0,4038.23,4003.2047409860315,70.0505,2.4728,7
2026-07-01 06:00:00,2026-07-01 09:45:00,short,1.9903,3973.9,3984.5942521665406,-21.2847,-1.0,15
2026-07-01 10:15:00,2026-07-01 10:45:00,short,1.8914,3984.31,3995.134305149959,-20.4733,-1.0,2
2026-07-02 02:00:00,2026-07-02 04:30:00,long,2.0,4050.3999999999996,4061.608973041533,22.4179,0.7619,10
2026-07-02 07:45:00,2026-07-02 11:00:00,long,2.0,4074.77,4060.945974534697,-27.6481,-1.0,13
2026-07-03 05:00:00,2026-07-03 06:00:00,long,1.9652,4179.0599999999995,4167.278830643676,-23.1522,-1.0,4
2026-07-03 07:30:00,2026-07-03 13:45:00,long,1.9538,4175.61,4164.071426992839,-22.5436,-1.0,25
2026-07-03 16:30:00,2026-07-05 22:00:00,long,1.5051,4166.97,4188.792468451198,31.7528,2.3418,2
2026-07-08 23:00:00,2026-07-09 00:15:00,short,2.0,4076.47,4088.7510670314723,-24.5621,-1.0,5
2026-07-09 01:00:00,2026-07-09 05:00:00,short,2.0,4073.68,4065.595898334115,16.1682,0.66,16
2026-07-09 11:15:00,2026-07-09 13:45:00,long,1.8618,4105.19,4118.701958025013,25.1563,1.2556,10
2026-07-09 14:30:00,2026-07-09 19:00:00,long,2.0,4125.03,4124.415,-1.23,-0.0425,18
2026-07-10 00:45:00,2026-07-10 01:30:00,long,1.3063,4123.36,4115.902176994024,-9.7424,-1.0,3
2026-07-13 05:30:00,2026-07-13 08:00:00,short,2.0,4058.1299999999997,4072.358623521916,-28.4572,-1.0,10
2026-07-13 13:15:00,2026-07-13 14:00:00,short,2.0,4061.8199999999997,4031.8510402683455,59.9379,2.4711,3
2026-07-14 01:15:00,2026-07-14 01:45:00,short,2.0,3995.22,4007.4558371740777,-24.4717,-1.0,2
2026-07-14 07:45:00,2026-07-14 12:00:00,short,1.673,4023.62,4033.4072520786226,-16.3744,-1.0,17
2026-07-14 23:00:00,2026-07-15 01:30:00,long,1.6654,4049.23,4039.0688671215203,-16.9221,-1.0,10
2026-07-16 12:15:00,2026-07-16 12:30:00,short,2.0,4031.71,4005.7790341185637,51.8619,2.4634,1
2026-07-17 08:15:00,2026-07-17 13:00:00,short,2.0,3993.17,3973.960691313491,38.4186,1.6001,19
2026-07-21 10:00:00,2026-07-21 11:00:00,long,1.6602,4066.1699999999996,4056.475287062192,-16.0949,-1.0,4
2026-07-21 14:00:00,2026-07-21 15:30:00,long,2.0,4053.3399999999997,4081.659574632996,56.6391,2.4605,6
2026-07-21 17:30:00,2026-07-21 19:00:00,long,1.6596,4072.5099999999998,4082.135,15.9735,0.9676,6
2026-07-21 22:30:00,2026-07-22 00:30:00,long,1.2918,4083.0299999999997,4092.7518505902253,12.5585,1.2186,8
2026-07-22 05:15:00,2026-07-22 06:15:00,long,1.5399,4128.76,4119.586996339492,-14.1251,-1.0,4
2026-07-22 07:15:00,2026-07-22 12:30:00,long,1.7663,4116.71,4126.385580876768,17.0899,0.9243,21
2026-07-22 17:30:00,2026-07-22 18:30:00,long,1.9869,4146.32,4134.759186756604,-22.9703,-1.0,4
2026-07-23 11:15:00,2026-07-23 12:45:00,short,1.805,4087.66,4061.930588692695,46.4407,2.4631,6
2026-07-23 17:15:00,2026-07-23 19:00:00,short,2.0,4047.2599999999998,4046.295,1.93,0.0762,7
2026-07-24 04:45:00,2026-07-24 06:15:00,short,1.4043,4026.8399999999997,4035.3637611359495,-11.9697,-1.0,6
2026-07-26 23:30:00,2026-07-27 00:00:00,long,1.8384,4085.0499999999997,4112.277591231761,50.0553,2.4373,2
2026-07-28 05:00:00,2026-07-28 06:30:00,short,1.3633,4042.0899999999997,4050.294206213433,-11.1845,-1.0,6
2026-07-28 08:15:00,2026-07-28 09:45:00,short,1.418,4044.31,4024.175510208348,28.5503,2.4531,6
2026-07-28 13:30:00,2026-07-28 15:15:00,short,1.898,4028.8399999999997,4039.4128941003396,-20.0672,-1.0,7
2026-07-28 18:30:00,2026-07-28 19:00:00,short,1.6694,4027.0499999999997,4023.145,6.5191,0.3856,2
2026-07-31 11:45:00,2026-07-31 13:15:00,short,1.4964,4051.99,4042.8609856757425,13.6607,1.0073,6
2026-08-05 08:45:00,2026-08-05 09:45:00,long,2.0,4166.46,4153.754528053066,-25.4109,-1.0,4
2026-08-05 17:30:00,2026-08-05 20:30:00,long,2.0,4245.04,4246.22,2.36,0.0659,12
2026-08-06 02:15:00,2026-08-06 02:45:00,long,2.0,4295.41,4276.209356645396,-38.4013,-1.0,2
2026-08-06 08:00:00,2026-08-06 09:30:00,long,2.0,4262.929999999999,4274.649937688504,23.4399,0.82,6
2026-08-06 12:00:00,2026-08-06 12:45:00,long,2.0,4263.57,4251.3164255907795,-24.5071,-1.0,3
2026-08-07 00:30:00,2026-08-07 01:30:00,short,1.9658,4243.900000000001,4254.808072309082,-21.4426,-1.0,4
2026-08-10 00:15:00,2026-08-10 00:45:00,long,2.0,4344.54,4331.16688821666,-26.7462,-1.0,2
2026-08-12 12:30:00,2026-08-12 12:30:00,long,2.0,4427.15,4415.615410579109,-23.0692,-1.0,0
2026-08-13 17:30:00,2026-08-13 19:00:00,short,2.0,4363.06,4357.135,11.85,0.3989,6
2026-08-13 23:45:00,2026-08-14 00:30:00,short,1.7498,4360.25,4347.0474374174955,23.1022,1.2842,3
2026-08-16 23:30:00,2026-08-17 00:45:00,long,1.5938,4375.01,4397.982034792847,36.6118,2.4261,5
2026-08-17 03:00:00,2026-08-17 08:00:00,long,1.9679,4393.37,4402.054917980373,17.0908,0.7198,20
2026-08-19 09:00:00,2026-08-19 10:15:00,short,1.877,4355.51,4367.1142139382955,-21.781,-1.0,5
2026-08-19 18:45:00,2026-08-19 19:00:00,long,2.0,4490.65,4495.025,8.75,0.2546,1
2026-08-20 07:45:00,2026-08-20 11:30:00,long,1.7537,4491.48,4480.668606425768,-18.9603,-1.0,15
2026-08-21 01:15:00,2026-08-21 05:00:00,long,1.9506,4520.94,4538.6798925514895,34.6039,1.5351,15
2026-08-21 13:45:00,2026-08-21 16:45:00,long,2.0,4588.12,4628.647164811866,81.0543,2.468,12
2026-08-23 22:15:00,2026-08-23 23:00:00,long,2.0,4617.69,4604.929881182029,-25.5202,-1.0,3
2026-08-24 06:00:00,2026-08-24 13:30:00,long,2.0,4641.04,4665.422230240989,48.7645,1.4478,30
2026-08-26 17:45:00,2026-08-26 19:00:00,short,2.0,4597.09,4594.045,6.09,0.2034,5
2026-08-30 22:45:00,2026-08-31 02:30:00,short,2.0,4457.72,4405.826704017889,103.7866,2.4816,15
2026-08-31 03:30:00,2026-08-31 10:00:00,short,2.0,4427.77,4450.27175889543,-45.0035,-1.0,26
2024-03-14 13:00:00,2024-03-14 13:15:00,long,1.5113,2163.0099999999998,2166.95,5.9545,1.0728,1
2024-03-20 10:30:00,2024-03-20 12:30:00,long,0.8188,2153.6699999999996,2151.665799607797,-1.6411,-1.0,8
2024-04-11 08:45:00,2024-04-11 08:45:00,long,0.9342,2331.22,2327.52162839308,-3.4548,-1.0,0
2024-04-26 15:00:00,2024-04-26 18:00:00,long,1.0,2333.7999999999997,2338.415,4.615,0.6282,12
2024-04-29 01:00:00,2024-04-29 01:00:00,long,0.6805,2332.31,2329.5350817685608,-1.8883,-1.0,0
2024-04-29 07:45:00,2024-04-29 08:30:00,short,0.7879,2336.02,2339.386232562511,-2.6524,-1.0,3
2024-05-01 11:45:00,2024-05-01 12:15:00,short,0.6133,2294.52,2298.3343599780337,-2.3392,-1.0,2
2024-05-03 05:15:00,2024-05-03 06:00:00,short,0.5138,2307.35,2305.7375,0.8285,0.6432,3
2024-05-08 04:30:00,2024-05-08 05:30:00,short,0.5285,2318.33,2320.3706834262193,-1.0785,-1.0,4
2024-05-09 04:30:00,2024-05-09 04:45:00,short,0.4328,2313.44,2315.236388092805,-0.7775,-1.0,1
2024-05-13 04:45:00,2024-05-13 05:15:00,long,0.5004,2355.3599999999997,2353.10422308281,-1.1289,-1.0,2
2024-05-14 04:15:00,2024-05-14 05:30:00,short,0.4749,2344.15,2345.745785054623,-0.7578,-1.0,5
2024-05-17 05:45:00,2024-05-17 06:00:00,short,0.4572,2380.95,2383.241477947149,-1.0476,-1.0,1
2024-05-17 06:45:00,2024-05-17 07:00:00,short,0.4807,2385.3399999999997,2387.0411701282937,-0.8177,-1.0,1
2024-05-30 14:15:00,2024-05-30 14:45:00,short,0.9468,2347.87,2343.8100000000004,3.8442,0.8159,2
2024-06-13 12:00:00,2024-06-13 12:30:00,long,0.7163,2307.29,2313.105,4.1651,1.2127,2
2024-06-17 06:15:00,2024-06-17 06:30:00,long,0.5189,2318.8599999999997,2315.686933550102,-1.6466,-1.0,1
2024-06-26 06:15:00,2024-06-26 06:45:00,long,0.5778,2311.48,2317.29,3.3569,1.9301,2
2024-06-26 14:00:00,2024-06-26 17:00:00,long,0.9894,2296.5499999999997,2299.585,3.0028,0.6132,12
2024-06-27 08:30:00,2024-06-27 08:30:00,short,0.4735,2303.5,2305.7315651409403,-1.0566,-1.0,0
2024-07-02 12:15:00,2024-07-02 12:45:00,long,0.6006,2321.12,2326.29,3.105,1.5905,2
2024-07-05 01:15:00,2024-07-05 01:15:00,short,0.3389,2359.58,2358.4425,0.3855,0.8014,0
2024-07-12 15:30:00,2024-07-12 16:30:00,short,0.8947,2410.8599999999997,2415.7440044935756,-4.3696,-1.0,4
2024-07-15 07:00:00,2024-07-15 08:15:00,long,0.5065,2403.46,2408.275,2.4388,1.939,5
2024-07-18 17:30:00,2024-07-18 19:00:00,long,0.8315,2453.93,2450.0195860719664,-3.2516,-1.0,6
2024-07-22 14:45:00,2024-07-22 17:45:00,long,0.9586,2389.1299999999997,2393.405,4.0979,0.5828,12
2024-07-23 01:00:00,2024-07-23 01:00:00,short,0.4192,2399.85,2398.1325,0.72,1.3331,0
2024-07-23 06:00:00,2024-07-23 06:15:00,long,0.5419,2392.79,2389.647186752461,-1.7032,-1.0,1
2024-07-30 11:00:00,2024-07-30 11:00:00,short,0.4833,2391.58,2390.3025,0.6174,0.6897,0
2024-08-07 11:00:00,2024-08-07 11:30:00,short,1.3195,2397.3799999999997,2395.1975,2.8798,0.9583,2
2024-08-07 13:00:00,2024-08-07 13:30:00,short,1.5228,2403.75,2399.9775,5.7448,0.7503,2
2024-08-19 11:15:00,2024-08-19 11:15:00,long,1.3938,2491.3199999999997,2486.7363107065084,-6.3886,-1.0,0
2024-08-19 13:45:00,2024-08-19 14:00:00,long,1.769,2489.7799999999997,2496.865,12.533,1.2131,1
2024-08-27 14:30:00,2024-08-27 15:15:00,short,1.6835,2516.1099999999997,2520.130253897309,-6.7681,-1.0,3
2024-08-27 17:45:00,2024-08-27 18:15:00,short,1.4016,2519.6,2523.3596875942612,-5.2694,-1.0,2
2024-08-28 12:45:00,2024-08-28 13:00:00,long,1.2651,2497.16,2503.7799999999997,8.3751,1.3565,1
2024-09-12 05:00:00,2024-09-12 05:15:00,short,0.6485,2516.96,2518.577850453153,-1.0491,-1.0,1
2024-09-17 10:00:00,2024-09-17 10:30:00,long,1.2244,2573.8599999999997,2570.448425853306,-4.1773,-1.0,2
2024-09-18 05:30:00,2024-09-18 07:45:00,long,0.9243,2566.8999999999996,2571.3599999999997,4.1224,1.9719,9
2024-09-23 08:00:00,2024-09-23 10:15:00,long,1.282,2615.3799999999997,2623.05,9.8329,2.5792,9
2024-10-01 06:00:00,2024-10-01 06:15:00,short,0.8375,2642.97,2645.3688212730726,-2.009,-1.0,1
2024-10-01 08:00:00,2024-10-01 08:15:00,short,0.9382,2645.56,2642.96,2.4394,0.8883,1
2024-10-02 14:15:00,2024-10-02 14:15:00,short,1.8719,2659.99,2656.2124999999996,7.0712,0.6904,0
2024-10-08 11:15:00,2024-10-08 11:15:00,short,1.4956,2646.3199999999997,2650.4688392115845,-6.2048,-1.0,0
2024-10-09 14:45:00,2024-10-09 15:00:00,long,1.5915,2607.71,2614.705,11.1327,1.6941,1
2024-10-15 05:45:00,2024-10-15 06:30:00,long,1.061,2641.0899999999997,2646.02,5.2307,1.1998,3
2024-10-15 07:45:00,2024-10-15 08:15:00,short,1.1599,2651.83,2655.2436421489124,-3.9593,-1.0,2
2024-10-21 15:30:00,2024-10-21 18:30:00,long,1.8587,2722.22,2719.935,-4.2472,-0.3057,12
2024-10-22 13:45:00,2024-10-22 13:45:00,short,1.3907,2739.85,2737.435,3.3586,1.0243,0
2024-10-23 13:00:00,2024-10-23 13:00:00,long,1.3237,2743.54,2739.3502581483635,-5.546,-1.0,0
2024-10-24 12:00:00,2024-10-24 12:15:00,short,0.952,2738.47,2735.875,2.4705,1.1057,1
2024-10-25 08:45:00,2024-10-25 09:15:00,long,1.0908,2721.3399999999997,2717.6581516808146,-4.0162,-1.0,2
2024-11-04 10:15:00,2024-11-04 10:15:00,short,1.3887,2744.43,2741.4700000000003,4.1104,1.1731,0
2024-11-04 14:15:00,2024-11-04 14:15:00,short,1.3563,2745.7999999999997,2742.6425,4.2824,0.7895,0
2024-11-12 14:45:00,2024-11-12 15:00:00,short,2.0,2614.73,2608.925,11.61,1.1297,1
2024-11-15 06:30:00,2024-11-15 07:15:00,long,1.2139,2558.3399999999997,2563.9,6.7495,1.0619,3
2024-11-20 06:30:00,2024-11-20 07:15:00,long,1.0345,2631.4199999999996,2627.4104162305616,-4.148,-1.0,3
2024-12-01 23:45:00,2024-12-02 00:30:00,long,1.3521,2645.77,2641.322154847583,-6.0141,-1.0,3
2024-12-03 14:15:00,2024-12-03 14:30:00,short,1.4053,2652.39,2649.1175000000003,4.599,0.8457,1
2024-12-05 15:45:00,2024-12-05 17:00:00,long,1.8036,2633.93,2629.8349038837996,-7.3859,-1.0,5
2024-12-17 11:15:00,2024-12-17 14:00:00,long,1.2958,2638.91,2634.5047815781827,-5.7084,-1.0,11
2024-12-17 18:15:00,2024-12-17 20:00:00,short,1.3577,2646.1099999999997,2645.575,0.7264,0.1609,7
2024-12-23 11:15:00,2024-12-23 11:30:00,long,1.0769,2619.8199999999997,2615.7700849204903,-4.3615,-1.0,1
2024-12-24 01:00:00,2024-12-24 01:15:00,short,0.7987,2616.52,2614.84,1.3417,0.9133,1
2024-12-27 14:45:00,2024-12-27 17:45:00,long,1.3215,2616.49,2615.8450000000003,-0.8524,-0.1009,12
2024-12-30 01:45:00,2024-12-30 02:00:00,short,0.9584,2625.6299999999997,2622.625,2.8799,1.2536,1
2025-01-06 05:00:00,2025-01-06 05:30:00,long,1.0087,2635.72,2633.2368876911987,-2.5046,-1.0,2
2025-01-07 01:45:00,2025-01-07 01:45:00,short,0.9018,2638.6099999999997,2640.534612918693,-1.7356,-1.0,0
2025-01-14 14:15:00,2025-01-14 15:00:00,long,1.5342,2661.58,2667.7,9.3895,1.7398,3
2025-01-17 17:00:00,2025-01-17 17:00:00,short,1.3065,2716.0,2712.9575000000004,3.9749,1.0231,0
2025-01-23 09:45:00,2025-01-23 10:30:00,long,1.05,2743.4399999999996,2748.915,5.7486,1.4851,3
2025-01-23 13:30:00,2025-01-23 15:30:00,long,1.5264,2741.4199999999996,2747.79,9.723,1.1123,8
2025-01-23 17:00:00,2025-01-23 20:00:00,short,1.6842,2753.85,2754.295,-0.7495,-0.0762,12
2025-01-27 10:15:00,2025-01-27 10:15:00,short,1.4691,2763.93,2767.5667945012947,-5.3426,-1.0,0
2025-02-03 02:00:00,2025-02-03 02:30:00,long,2.0,2782.4399999999996,2775.7290090263637,-13.422,-1.0,2
2025-02-21 17:30:00,2025-02-21 18:30:00,short,1.6216,2937.92,2941.9422510243794,-6.5224,-1.0,4
2025-02-24 01:30:00,2025-02-24 02:30:00,long,1.3932,2926.0099999999998,2933.005,9.7453,1.1458,4
2025-03-10 18:15:00,2025-03-10 19:00:00,long,2.0,2884.37,2885.405,2.07,0.1524,3
2025-03-19 09:15:00,2025-03-19 10:15:00,long,1.4536,3025.98,3035.045,13.1773,1.7742,4
2025-03-24 15:00:00,2025-03-24 15:00:00,long,1.7231,3012.29,3005.90420195444,-11.0037,-1.0,0
2025-03-26 05:00:00,2025-03-26 05:45:00,long,0.8406,3015.4399999999996,3020.95,4.6315,2.509,3
2025-04-03 06:45:00,2025-04-03 09:45:00,long,2.0,3124.66,3127.785,6.25,0.2684,12
2025-04-04 03:15:00,2025-04-04 05:15:00,long,2.0,3093.93,3105.635,23.41,1.1987,8
2025-04-04 08:45:00,2025-04-04 09:15:00,long,2.0,3083.4399999999996,3095.9449999999997,25.01,1.5775,2
2025-04-15 03:15:00,2025-04-15 04:30:00,short,1.5225,3225.12,3230.3151940587386,-7.9095,-1.0,5
2025-04-30 09:30:00,2025-04-30 10:00:00,long,2.0,3283.3799999999997,3275.051183475222,-16.6576,-1.0,2
2025-06-06 04:00:00,2025-06-06 04:45:00,short,0.7582,3369.6,3374.17003283396,-3.4652,-1.0,3
2025-06-06 05:15:00,2025-06-06 05:15:00,short,0.7194,3373.85,3369.67,3.0072,1.1084,0
2025-06-17 10:45:00,2025-06-17 11:45:00,short,0.9415,3395.92,3391.37,4.2837,0.8234,4
2025-06-19 10:45:00,2025-06-19 12:00:00,short,0.9176,3376.91,3369.8775,6.4531,1.4696,5
2025-06-26 23:45:00,2025-06-26 23:45:00,long,0.6027,3319.7799999999997,3316.5903553255207,-1.9225,-1.0,0
2025-07-02 10:15:00,2025-07-02 11:00:00,short,0.6169,3341.8199999999997,3346.4007956567666,-2.8257,-1.0,3
2025-07-02 11:15:00,2025-07-02 11:45:00,short,0.5969,3344.93,3340.8275,2.4489,0.9106,2
2025-07-02 12:30:00,2025-07-02 13:15:00,short,0.7489,3346.49,3342.11,3.2801,0.7608,3
2025-07-07 00:30:00,2025-07-07 01:00:00,long,0.5781,3324.14,3320.813722001539,-1.9229,-1.0,2
2025-07-07 16:00:00,2025-07-07 16:15:00,short,0.7577,3320.7799999999997,3324.39129875209,-2.7362,-1.0,1
2025-07-28 04:15:00,2025-07-28 06:30:00,short,0.6826,3342.17,3337.9475,2.8822,1.093,9
2025-08-06 15:15:00,2025-08-06 15:30:00,short,0.6623,3378.0299999999997,3373.4375,3.0414,1.1755,1
2025-08-15 04:00:00,2025-08-15 04:15:00,short,0.4147,3343.2599999999998,3346.112822159851,-1.1831,-1.0,1
2025-08-19 03:30:00,2025-08-19 03:45:00,short,0.5247,3340.92,3337.355,1.8706,1.5393,1
2025-08-20 10:45:00,2025-08-20 11:15:00,short,0.413,3326.97,3329.166487132349,-0.9072,-1.0,2
2025-08-21 13:45:00,2025-08-21 13:45:00,short,0.7588,3343.8399999999997,3340.375,2.6292,0.5945,0
2025-08-28 02:15:00,2025-08-28 03:00:00,long,0.478,3386.5899999999997,3392.4049999999997,2.7797,1.7544,3
2025-09-10 04:30:00,2025-09-10 05:30:00,short,0.7263,3641.12,3645.3600238268386,-3.0794,-1.0,4
2025-09-17 08:30:00,2025-09-17 10:00:00,long,0.6893,3667.14,3661.4087526606786,-3.9505,-1.0,6
2025-09-17 13:45:00,2025-09-17 14:15:00,short,0.7893,3679.0899999999997,3684.959235712737,-4.6325,-1.0,2
2025-09-19 04:00:00,2025-09-19 04:00:00,short,0.7507,3653.6099999999997,3658.654777859869,-3.7869,-1.0,0
2025-09-25 08:30:00,2025-09-25 08:30:00,short,0.9032,3757.21,3751.525,5.1348,0.7992,0
2025-10-02 09:45:00,2025-10-02 10:15:00,short,0.8064,3877.69,3881.7351318066344,-3.2621,-1.0,2
2025-10-02 11:45:00,2025-10-02 12:00:00,short,0.7513,3884.85,3888.1452901822754,-2.4758,-1.0,1
2025-10-03 03:45:00,2025-10-03 05:15:00,long,0.8603,3840.96,3851.8,9.326,1.9496,6
2025-10-07 07:30:00,2025-10-07 09:15:00,long,1.0,3951.5,3963.41,11.91,1.1222,7
2025-10-31 16:30:00,2025-10-31 18:00:00,long,1.0,3986.18,4007.42,21.24,1.085,6
2025-11-03 00:30:00,2025-11-03 01:00:00,long,1.0,3971.0299999999997,3988.235,17.205,1.2757,2
2025-11-03 03:45:00,2025-11-03 05:00:00,short,1.0,4010.71,3998.9325,11.7775,1.5181,5
2025-11-07 09:30:00,2025-11-07 09:30:00,short,0.8476,4010.0899999999997,4004.3774999999996,4.8418,0.8551,0
2025-11-21 07:15:00,2025-11-21 09:00:00,long,2.0,4032.75,4054.685,43.87,1.6969,7
2025-11-21 14:15:00,2025-11-21 14:30:00,short,2.0,4076.17,4063.9975,24.345,0.9633,1
2025-11-27 23:45:00,2025-11-28 00:00:00,short,0.9506,4162.51,4165.370775562928,-2.7195,-1.0,1
2025-11-28 09:00:00,2025-11-28 10:15:00,long,1.9231,4166.9,4176.205,17.8946,0.6906,5
2025-12-10 09:15:00,2025-12-10 10:00:00,long,1.3569,4198.22,4192.415741413129,-7.8755,-1.0,3
2025-12-10 10:15:00,2025-12-10 10:30:00,long,1.3392,4195.84,4189.530704016566,-8.4493,-1.0,1
2025-12-19 18:00:00,2025-12-19 18:30:00,short,2.0,4353.37,4345.405,15.93,1.2719,2
2025-12-29 00:45:00,2025-12-29 01:00:00,long,2.0,4489.679999999999,4514.335,49.31,1.0684,1
2025-12-30 12:30:00,2025-12-30 13:00:00,short,2.0,4393.77,4403.360439788938,-19.1809,-1.0,2
2026-02-13 15:45:00,2026-02-13 15:45:00,short,2.0,5007.05,4989.780000000001,34.54,0.781,0
2026-02-24 13:00:00,2026-02-24 13:30:00,long,2.0,5150.98,5140.346736390236,-21.2665,-1.0,2
2026-02-25 01:45:00,2026-02-25 02:45:00,short,2.0,5180.320000000001,5167.387500000001,25.865,0.786,4
2026-02-26 15:30:00,2026-02-26 15:30:00,long,2.0,5141.79,5165.049999999999,46.52,1.3852,0
2026-03-06 13:45:00,2026-03-06 13:45:00,short,2.0,5121.47,5107.405000000001,28.13,0.8599,0
2026-03-12 08:15:00,2026-03-12 11:15:00,short,2.0,5181.55,5179.075,4.95,0.1965,12
2026-03-16 14:15:00,2026-03-16 14:15:00,short,2.0,5028.12,5015.282499999999,25.675,0.7948,0
2026-04-07 09:15:00,2026-04-07 09:30:00,short,2.0,4685.29,4671.2474999999995,28.085,0.9437,1
2026-04-13 17:30:00,2026-04-13 17:45:00,short,2.0,4742.910000000001,4733.3025,19.215,0.7193,1
2026-04-16 00:00:00,2026-04-16 00:00:00,short,0.9949,4823.400000000001,4830.251291413359,-6.8161,-1.0,0
2026-04-16 05:15:00,2026-04-16 05:30:00,short,0.9125,4834.05,4828.49,5.0734,0.7155,1
2026-04-20 22:30:00,2026-04-20 23:45:00,short,0.9518,4828.740000000001,4820.7775,7.5789,0.9758,5
2026-04-27 14:30:00,2026-04-27 14:45:00,long,1.0,4689.25,4682.533104154889,-6.7169,-1.0,1
2026-05-05 09:15:00,2026-05-05 10:15:00,short,1.0,4557.54,4550.719999999999,6.82,0.991,4
2026-05-08 02:15:00,2026-05-08 02:30:00,short,1.0,4723.87,4712.76,11.11,0.7686,1
2026-05-21 13:30:00,2026-05-21 13:30:00,long,2.0,4501.03,4490.537328193305,-20.9853,-1.0,0
2026-05-26 00:30:00,2026-05-26 01:30:00,long,1.9418,4549.51,4538.006229424616,-22.3377,-1.0,4
2026-06-04 01:15:00,2026-06-04 01:15:00,short,2.0,4464.31,4471.388139300242,-14.1563,-1.0,0
2026-06-05 00:30:00,2026-06-05 01:00:00,long,1.8332,4457.889999999999,4468.945,20.2661,1.0649,2
2026-07-06 22:45:00,2026-07-06 23:45:00,short,1.2694,4167.18,4160.629999999999,8.3144,1.6816,4
2026-07-09 07:15:00,2026-07-09 08:15:00,short,2.0,4101.46,4114.840319315988,-26.7606,-1.0,4
2026-07-16 02:30:00,2026-07-16 02:30:00,long,1.9916,4034.8799999999997,4025.15687087207,-19.3647,-1.0,0
2026-07-27 14:45:00,2026-07-27 16:15:00,long,2.0,4069.0899999999997,4085.705,33.23,2.0947,6
2026-07-31 08:45:00,2026-07-31 09:30:00,long,1.5961,4059.5,4051.1463876317785,-13.3331,-1.0,3
2026-08-07 02:15:00,2026-08-07 02:30:00,short,2.0,4258.610000000001,4251.637500000001,13.945,0.9169,1
2026-08-07 04:15:00,2026-08-07 05:30:00,short,2.0,4265.85,4273.24004353832,-14.7801,-1.0,5
2026-08-26 01:00:00,2026-08-26 01:00:00,long,2.0,4637.79,4630.677932100231,-14.2241,-1.0,0
2026-08-27 14:00:00,2026-08-27 14:30:00,long,2.0,4572.67,4588.0599999999995,30.78,1.2919,2
