id,open_datetime,close_datetime,side,lot,entry,stop,target,pnl,balance,cumulative_logged
1,2025-07-02 14:00:00,2025-07-02 14:03:38,sell,0.01,3344.24,3347.41,3340.37,-3.17,996.83,-3.17
2,2025-07-02 15:30:00,2025-07-02 16:19:16,sell,0.01,3346.48,3352.25,3342.11,4.37,1001.2,1.2
3,2025-07-07 03:30:00,2025-07-07 04:01:40,buy,0.01,3324.17,3320.81,3332.57,-3.39,997.8100000000001,-2.19
4,2025-07-07 19:00:00,2025-07-07 19:20:32,sell,0.01,3320.78,3324.39,3314.94,-3.62,994.19,-5.81
5,2025-07-15 15:45:00,2025-07-15 16:16:29,buy,0.01,3351.75,3344.74,3357.86,-7.03,987.1600000000001,-12.84
6,2025-07-23 16:45:00,2025-07-23 18:56:28,buy,0.01,3412.65,3403.43,3421.02,-9.23,977.9300000000001,-22.07
7,2025-07-25 11:45:00,2025-07-25 13:30:14,buy,0.01,3348.05,3342.83,3356.09,-5.24,972.69,-27.31
8,2025-07-28 07:15:00,2025-07-28 09:34:28,sell,0.01,3342.17,3346.1,3337.95,4.25,976.94,-23.06
9,2025-08-15 07:00:00,2025-08-15 07:29:38,sell,0.01,3343.26,3346.2,3340.85,-2.96,973.98,-26.02
10,2025-08-19 06:30:00,2025-08-19 06:56:42,sell,0.01,3340.92,3343.29,3337.36,3.59,977.57,-22.43
11,2025-08-20 09:30:00,2025-08-20 10:19:26,sell,0.01,3323.39,3327.3,3321.04,-3.92,973.6500000000001,-26.35
12,2025-08-20 10:30:00,2025-08-20 11:30:04,sell,0.01,3324.45,3328.86,3321.68,2.78,976.4300000000001,-23.57
13,2025-08-20 13:45:00,2025-08-20 14:13:40,sell,0.01,3326.97,3329.19,3324.98,-2.23,974.2,-25.8
14,2025-08-20 14:45:00,2025-08-20 14:58:41,sell,0.01,3328.86,3332.9,3326.91,-4.04,970.1600000000001,-29.84
15,2025-08-21 14:15:00,2025-08-21 15:01:33,buy,0.01,3329.72,3323.66,3334.88,5.16,975.32,-24.68
16,2025-08-28 05:15:00,2025-08-28 08:15:01,buy,0.01,3386.59,3383.2,3392.4,3.38,978.7,-21.3
17,2025-09-10 07:30:00,2025-09-10 08:31:13,sell,0.01,3641.12,3645.42,3636.1,-4.32,974.38,-25.62
18,2025-09-10 09:30:00,2025-09-10 12:30:00,sell,0.01,3643.88,3649.98,3638.76,-2.52,971.86,-28.14
19,2025-09-11 15:45:00,2025-09-11 15:46:38,sell,0.01,3637.13,3646.12,3631.69,5.43,977.29,-22.71
20,2025-09-17 11:30:00,2025-09-17 13:13:02,buy,0.01,3667.14,3661.39,3675.2,-5.75,971.54,-28.46
21,2025-09-17 16:45:00,2025-09-17 17:17:38,sell,0.01,3679.1,3685.0,3674.48,-5.91,965.63,-34.37
22,2025-09-19 07:00:00,2025-09-19 07:06:38,sell,0.01,3653.62,3658.74,3648.84,-5.13,960.5,-39.5
23,2025-09-25 11:30:00,2025-09-25 12:29:27,sell,0.01,3757.21,3764.34,3751.53,5.69,966.19,-33.81
24,2025-10-02 12:45:00,2025-10-02 13:21:16,sell,0.01,3877.69,3881.75,3874.03,-4.06,962.1300000000001,-37.87
25,2025-10-02 14:45:00,2025-10-02 15:05:27,sell,0.01,3884.85,3888.18,3879.24,-3.34,958.7900000000001,-41.21
26,2025-10-03 06:45:00,2025-10-03 08:15:40,buy,0.01,3840.96,3835.25,3851.8,10.84,969.6300000000001,-30.37
27,2025-10-03 17:00:00,2025-10-03 17:08:31,sell,0.01,3881.87,3893.65,3877.04,4.84,974.4700000000001,-25.53
28,2025-10-07 10:30:00,2025-10-07 11:06:16,buy,0.01,3951.49,3940.85,3963.41,-10.64,963.8300000000002,-36.17
29,2025-10-31 19:30:00,2025-10-31 21:17:30,buy,0.01,3986.1,3966.6,4007.42,21.34,985.1700000000002,-14.83
30,2025-11-03 02:30:00,2025-11-03 03:12:16,buy,0.01,3971.03,3956.64,3988.24,17.21,1002.3800000000002,2.38
31,2025-11-03 05:45:00,2025-11-03 07:04:39,sell,0.01,4010.71,4018.82,3998.93,11.83,1014.2100000000003,14.21
32,2025-11-12 10:45:00,2025-11-12 11:50:40,sell,0.01,4128.52,4136.54,4121.95,6.58,1020.7900000000003,20.79
33,2025-11-21 09:15:00,2025-11-21 11:13:31,buy,0.01,4032.77,4019.69,4054.68,21.92,1042.7100000000003,42.71
34,2025-11-21 16:15:00,2025-11-21 16:30:41,sell,0.01,4076.18,4088.85,4064.0,12.19,1054.9000000000003,54.9
35,2025-11-24 20:00:00,2025-11-24 20:37:42,sell,0.01,4093.05,4103.78,4088.03,-10.78,1044.1200000000003,44.12
36,2025-11-28 01:45:00,2025-11-28 02:03:37,sell,0.01,4162.51,4165.37,4159.96,-2.88,1041.2400000000002,41.24
37,2025-12-04 18:15:00,2025-12-04 18:18:38,sell,0.01,4210.31,4219.2,4204.95,-8.89,1032.3500000000001,32.35
38,2025-12-10 11:15:00,2025-12-10 12:04:39,buy,0.01,4198.22,4192.38,4207.18,-5.84,1026.5100000000002,26.51
39,2025-12-10 12:15:00,2025-12-10 12:32:30,buy,0.01,4195.85,4189.42,4203.59,-6.44,1020.0700000000002,20.07
40,2025-12-19 20:00:00,2025-12-19 20:43:40,sell,0.01,4353.41,4359.64,4345.44,7.98,1028.0500000000002,28.05
41,2025-12-29 02:45:00,2025-12-29 03:13:41,buy,0.01,4489.7,4466.33,4514.34,24.66,1052.7100000000003,52.71
42,2025-12-30 14:30:00,2025-12-30 15:00:41,sell,0.01,4393.77,4403.38,4383.88,-9.61,1043.1000000000004,43.1
43,2026-01-08 17:30:00,2026-01-08 18:32:42,sell,0.01,4447.63,4459.12,4438.14,-11.52,1031.5800000000004,31.58
44,2026-02-13 17:45:00,2026-02-13 17:53:30,sell,0.01,5007.0,5029.18,4989.78,17.23,1048.8100000000004,48.81
45,2026-02-24 15:00:00,2026-02-24 15:39:25,buy,0.01,5151.01,5140.33,5165.55,-10.68,1038.1300000000003,38.13
46,2026-02-26 17:30:00,2026-02-26 17:38:30,buy,0.01,5141.94,5125.01,5165.05,23.13,1061.2600000000004,61.26
47,2026-03-04 12:30:00,2026-03-04 14:30:41,sell,0.01,5188.07,5210.5,5173.8,14.28,1075.5400000000004,75.54
48,2026-03-06 15:45:00,2026-03-06 15:51:30,sell,0.01,5121.46,5137.84,5107.41,14.06,1089.6000000000004,89.6
49,2026-03-12 11:15:00,2026-03-12 14:15:00,sell,0.01,5181.55,5194.21,5171.47,2.4,1092.0000000000005,92.0
50,2026-04-07 12:15:00,2026-04-07 12:41:38,sell,0.01,4685.3,4700.22,4671.25,14.12,1106.1200000000003,106.12
51,2026-04-13 20:30:00,2026-04-13 20:53:30,sell,0.01,4742.99,4756.27,4733.29,9.72,1115.8400000000004,115.84
52,2026-04-14 01:15:00,2026-04-14 02:00:41,sell,0.01,4748.28,4762.32,4736.87,-14.08,1101.7600000000004,101.76
53,2026-04-16 03:00:00,2026-04-16 03:00:42,sell,0.01,4823.4,4830.72,4814.78,-7.35,1094.4100000000005,94.41
54,2026-04-16 17:45:00,2026-04-16 18:06:01,buy,0.01,4787.92,4767.91,4804.49,16.57,1110.9800000000005,110.98
55,2026-04-21 01:30:00,2026-04-21 02:48:54,sell,0.01,4828.75,4837.51,4820.78,7.98,1118.9600000000005,118.96
56,2026-04-27 17:30:00,2026-04-27 17:53:30,buy,0.01,4689.29,4682.53,4701.31,-6.79,1112.1700000000005,112.17
57,2026-05-05 12:15:00,2026-05-05 13:25:39,sell,0.01,4557.54,4564.47,4550.72,6.83,1119.0000000000005,119.0
58,2026-05-14 10:45:00,2026-05-14 10:50:26,sell,0.01,4709.15,4723.51,4700.01,9.15,1128.1500000000005,128.15
59,2026-05-21 16:45:00,2026-05-21 16:54:39,buy,0.01,4497.98,4483.73,4519.23,21.26,1149.4100000000005,149.41
60,2026-05-26 03:30:00,2026-05-26 04:33:59,buy,0.01,4549.55,4538.01,4564.44,-11.54,1137.8700000000006,137.87
61,2026-06-02 07:30:00,2026-06-02 07:47:25,sell,0.01,4504.5,4514.61,4494.44,-10.13,1127.7400000000005,127.74
62,2026-06-04 04:15:00,2026-06-04 04:22:38,sell,0.01,4464.31,4471.63,4454.56,-7.32,1120.4200000000005,120.42
63,2026-06-05 03:30:00,2026-06-05 04:05:40,buy,0.01,4457.9,4447.05,4468.94,11.05,1131.4700000000005,131.47
64,2026-06-09 05:45:00,2026-06-09 06:04:41,sell,0.01,4338.3,4343.54,4332.16,6.15,1137.6200000000006,137.62
65,2026-06-17 17:00:00,2026-06-17 17:23:20,sell,0.01,4339.81,4348.42,4334.82,-8.61,1129.0100000000007,129.01
66,2026-06-23 05:00:00,2026-06-23 06:01:29,buy,0.01,4161.56,4145.58,4176.06,-15.99,1113.0200000000007,113.02
67,2026-06-25 18:30:00,2026-06-25 21:30:00,sell,0.01,4026.83,4047.25,4015.4,-17.46,1095.5600000000006,95.56
68,2026-07-09 10:15:00,2026-07-09 11:21:38,sell,0.01,4101.47,4114.92,4091.39,-13.46,1082.1000000000006,82.1
69,2026-07-16 05:30:00,2026-07-16 05:41:38,buy,0.01,4034.93,4024.87,4048.84,-10.07,1072.0300000000007,72.03
70,2026-07-27 17:45:00,2026-07-27 19:25:31,buy,0.01,4069.13,4061.16,4085.7,16.6,1088.6300000000006,88.63
71,2026-07-31 11:45:00,2026-07-31 12:34:42,buy,0.01,4059.53,4051.12,4072.73,-8.42,1080.2100000000005,80.21
72,2026-08-07 05:15:00,2026-08-07 05:40:40,sell,0.01,4258.61,4266.21,4251.64,6.99,1087.2000000000005,87.2
73,2026-08-07 07:15:00,2026-08-07 08:33:41,sell,0.01,4265.85,4273.35,4257.01,-7.51,1079.6900000000005,79.69
74,2026-08-26 04:00:00,2026-08-26 04:00:15,buy,0.01,4637.58,4630.41,4655.06,-7.19,1072.5000000000005,72.5
75,2026-08-27 17:00:00,2026-08-27 17:35:42,buy,0.01,4572.7,4560.75,4588.06,15.36,1087.8600000000004,87.86
76,2026-09-01 03:15:00,2026-09-01 03:21:39,sell,0.01,4455.08,4461.22,4448.14,-6.14,1081.7200000000003,81.72
