id,open_datetime,close_datetime,side,lot,entry,stop,target,pnl,balance,cumulative_logged,replay_pnl,replay_exit,replay_reason,pnl_diff
1,2025-07-02 14:00:00,2025-07-02 14:03:38,short,0.01,3344.24,3347.41,3340.37,-3.17,996.83,-3.17,-3.1700000000000728,3347.41,sl,-7.283063041541027e-14
2,2025-07-02 15:30:00,2025-07-02 16:19:16,short,0.01,3346.48,3352.25,3342.11,4.37,1001.2,1.2,4.369999999999891,3342.11,tp,-1.092459456231154e-13
3,2025-07-07 03:30:00,2025-07-07 04:01:40,long,0.01,3324.17,3320.81,3332.57,-3.39,997.81,-2.19,-3.3600000000001273,3320.81,sl,0.029999999999872795
4,2025-07-07 19:00:00,2025-07-07 19:20:32,short,0.01,3320.78,3324.39,3314.94,-3.62,994.19,-5.81,-3.6099999999996726,3324.39,sl,0.010000000000327525
5,2025-07-15 15:45:00,2025-07-15 16:16:29,long,0.01,3351.75,3344.74,3357.86,-7.03,987.16,-12.84,-7.010000000000218,3344.74,sl,0.01999999999978197
6,2025-07-23 16:45:00,2025-07-23 18:56:28,long,0.01,3412.65,3403.43,3421.02,-9.23,977.93,-22.07,-9.220000000000255,3403.43,sl,0.009999999999745768
7,2025-07-25 11:45:00,2025-07-25 13:30:14,long,0.01,3348.05,3342.83,3356.09,-5.24,972.69,-27.31,-5.220000000000255,3342.83,sl,0.019999999999745555
8,2025-07-28 07:15:00,2025-07-28 09:34:28,short,0.01,3342.17,3346.1,3337.95,4.25,976.94,-23.06,4.220000000000255,3337.95,tp,-0.02999999999974534
9,2025-08-15 07:00:00,2025-08-15 07:29:38,short,0.01,3343.26,3346.2,3340.85,-2.96,973.98,-26.02,-2.9399999999996,3346.2,sl,0.020000000000400142
10,2025-08-19 06:30:00,2025-08-19 06:56:42,short,0.01,3340.92,3343.29,3337.36,3.59,977.57,-22.43,3.5599999999999454,3337.36,tp,-0.030000000000054428
11,2025-08-20 09:30:00,2025-08-20 10:19:26,short,0.01,3323.39,3327.3,3321.04,-3.92,973.65,-26.35,-3.9100000000003092,3327.3,sl,0.0099999999996907
12,2025-08-20 10:30:00,2025-08-20 11:30:04,short,0.01,3324.45,3328.86,3321.68,2.78,976.43,-23.57,2.769999999999982,3321.68,tp,-0.010000000000017994
13,2025-08-20 13:45:00,2025-08-20 14:13:40,short,0.01,3326.97,3329.19,3324.98,-2.23,974.2,-25.8,-2.2200000000002547,3329.19,sl,0.009999999999745324
14,2025-08-20 14:45:00,2025-08-20 14:58:41,short,0.01,3328.86,3332.9,3326.91,-4.04,970.16,-29.84,-4.039999999999964,3332.9,sl,3.6415315207705135e-14
15,2025-08-21 14:15:00,2025-08-21 15:01:33,long,0.01,3329.72,3323.66,3334.88,5.16,975.32,-24.68,5.160000000000309,3334.88,tp,3.090860900556436e-13
16,2025-08-28 05:15:00,2025-08-28 08:15:01,long,0.01,3386.59,3383.2,3392.4,3.38,978.7,-21.3,5.809999999999945,3392.4,tp,2.4299999999999455
17,2025-09-10 07:30:00,2025-09-10 08:31:13,short,0.01,3641.12,3645.42,3636.1,-4.32,974.38,-25.62,-4.300000000000182,3645.42,sl,0.019999999999818385
18,2025-09-10 09:30:00,2025-09-10 12:30:00,short,0.01,3643.88,3649.98,3638.76,-2.52,971.86,-28.14,-2.3299999999999272,3646.21,time,0.19000000000007278
19,2025-09-11 15:45:00,2025-09-11 15:46:38,short,0.01,3637.13,3646.12,3631.69,5.43,977.29,-22.71,5.440000000000055,3631.69,tp,0.010000000000054854
20,2025-09-17 11:30:00,2025-09-17 13:13:02,long,0.01,3667.14,3661.39,3675.2,-5.75,971.54,-28.46,-5.75,3661.39,sl,0.0
21,2025-09-17 16:45:00,2025-09-17 17:17:38,short,0.01,3679.1,3685.0,3674.48,-5.91,965.63,-34.37,-5.900000000000091,3685.0,sl,0.009999999999909193
22,2025-09-19 07:00:00,2025-09-19 07:06:38,short,0.01,3653.62,3658.74,3648.84,-5.13,960.5,-39.5,-5.119999999999891,3658.74,sl,0.010000000000109033
23,2025-09-25 11:30:00,2025-09-25 12:29:27,short,0.01,3757.21,3764.34,3751.53,5.69,966.19,-33.81,5.679999999999836,3751.53,tp,-0.0100000000001641
24,2025-10-02 12:45:00,2025-10-02 13:21:16,short,0.01,3877.69,3881.75,3874.03,-4.06,962.13,-37.87,-4.059999999999945,3881.75,sl,5.417888360170764e-14
25,2025-10-02 14:45:00,2025-10-02 15:05:27,short,0.01,3884.85,3888.18,3879.24,-3.34,958.79,-41.21,-3.3299999999999272,3888.18,sl,0.010000000000072617
26,2025-10-03 06:45:00,2025-10-03 08:15:40,long,0.01,3840.96,3835.25,3851.8,10.84,969.63,-30.37,10.840000000000146,3851.8,tp,1.4566126083082054e-13
27,2025-10-03 17:00:00,2025-10-03 17:08:31,short,0.01,3881.87,3893.65,3877.04,4.84,974.47,-25.53,4.829999999999927,3877.04,tp,-0.010000000000072617
28,2025-10-07 10:30:00,2025-10-07 11:06:16,long,0.01,3951.49,3940.85,3963.41,-10.64,963.8300000000002,-36.17,11.920000000000073,3963.41,tp,22.560000000000073
29,2025-10-31 19:30:00,2025-10-31 21:17:30,long,0.01,3986.1,3966.6,4007.42,21.34,985.1700000000002,-14.83,21.320000000000164,4007.42,tp,-0.01999999999983615
30,2025-11-03 02:30:00,2025-11-03 03:12:16,long,0.01,3971.03,3956.64,3988.24,17.21,1002.3800000000002,2.38,17.20999999999958,3988.24,tp,-4.192202140984591e-13
31,2025-11-03 05:45:00,2025-11-03 07:04:39,short,0.01,4010.71,4018.82,3998.93,11.83,1014.2100000000004,14.21,11.7800000000002,3998.93,tp,-0.04999999999979998
32,2025-11-12 10:45:00,2025-11-12 11:50:40,short,0.01,4128.52,4136.54,4121.95,6.58,1020.7900000000004,20.79,6.5700000000006185,4121.95,tp,-0.009999999999381615
33,2025-11-21 09:15:00,2025-11-21 11:13:31,long,0.01,4032.77,4019.69,4054.68,21.92,1042.7100000000005,42.71,21.909999999999854,4054.68,tp,-0.010000000000147224
34,2025-11-21 16:15:00,2025-11-21 16:30:41,short,0.01,4076.18,4088.85,4064.0,12.19,1054.9000000000003,54.9,12.179999999999836,4064.0,tp,-0.010000000000163212
35,2025-11-24 20:00:00,2025-11-24 20:37:42,short,0.01,4093.05,4103.78,4088.03,-10.78,1044.1200000000003,44.12,-10.729999999999563,4103.78,sl,0.05000000000043592
36,2025-11-28 01:45:00,2025-11-28 02:03:37,short,0.01,4162.51,4165.37,4159.96,-2.88,1041.2400000000002,41.24,-2.8599999999996726,4165.37,sl,0.02000000000032731
37,2025-12-04 18:15:00,2025-12-04 18:18:38,short,0.01,4210.31,4219.2,4204.95,-8.89,1032.35,32.35,-8.889999999999418,4219.2,sl,5.826450433232822e-13
38,2025-12-10 11:15:00,2025-12-10 12:04:39,long,0.01,4198.22,4192.38,4207.18,-5.84,1026.5100000000002,26.51,-5.8400000000001455,4192.38,sl,-1.4566126083082054e-13
39,2025-12-10 12:15:00,2025-12-10 12:32:30,long,0.01,4195.85,4189.42,4203.59,-6.44,1020.0700000000002,20.07,-6.430000000000291,4189.42,sl,0.009999999999709352
40,2025-12-19 20:00:00,2025-12-19 20:43:40,short,0.01,4353.41,4359.64,4345.44,7.98,1028.0500000000002,28.05,7.970000000000255,4345.44,tp,-0.009999999999745768
41,2025-12-29 02:45:00,2025-12-29 03:13:41,long,0.01,4489.7,4466.33,4514.34,24.66,1052.7100000000005,52.71,24.640000000000327,4514.34,tp,-0.019999999999672724
42,2025-12-30 14:30:00,2025-12-30 15:00:41,short,0.01,4393.77,4403.38,4383.88,-9.61,1043.1000000000004,43.1,-9.609999999999673,4403.38,sl,3.268496584496461e-13
43,2026-01-08 17:30:00,2026-01-08 18:32:42,short,0.01,4447.63,4459.12,4438.14,-11.52,1031.5800000000004,31.58,-11.489999999999782,4459.12,sl,0.030000000000217852
44,2026-02-13 17:45:00,2026-02-13 17:53:30,short,0.01,5007.0,5029.18,4989.78,17.23,1048.8100000000004,48.81,17.220000000000255,4989.78,tp,-0.009999999999745768
45,2026-02-24 15:00:00,2026-02-24 15:39:25,long,0.01,5151.01,5140.33,5165.55,-10.68,1038.1300000000003,38.13,-10.680000000000291,5140.33,sl,-2.913225216616411e-13
46,2026-02-26 17:30:00,2026-02-26 17:38:30,long,0.01,5141.94,5125.01,5165.05,23.13,1061.2600000000004,61.26,23.110000000000582,5165.05,tp,-0.01999999999941693
47,2026-03-04 12:30:00,2026-03-04 14:30:41,short,0.01,5188.07,5210.5,5173.8,14.28,1075.5400000000004,75.54,14.269999999999527,5173.8,tp,-0.010000000000472298
48,2026-03-06 15:45:00,2026-03-06 15:51:30,short,0.01,5121.46,5137.84,5107.41,14.06,1089.6000000000004,89.6,14.050000000000182,5107.41,tp,-0.009999999999818598
49,2026-03-12 11:15:00,2026-03-12 14:15:00,short,0.01,5181.55,5194.21,5171.47,2.4,1092.0000000000005,92.0,2.6400000000003274,5178.91,time,0.2400000000003275
50,2026-04-07 12:15:00,2026-04-07 12:41:38,short,0.01,4685.3,4700.22,4671.25,14.12,1106.1200000000003,106.12,14.050000000000182,4671.25,tp,-0.06999999999981732
51,2026-04-13 20:30:00,2026-04-13 20:53:30,short,0.01,4742.99,4756.27,4733.29,9.72,1115.8400000000004,115.84,9.699999999999818,4733.29,tp,-0.02000000000018254
52,2026-04-14 01:15:00,2026-04-14 02:00:41,short,0.01,4748.28,4762.32,4736.87,-14.08,1101.7600000000004,101.76,-14.039999999999964,4762.32,sl,0.04000000000003645
53,2026-04-16 03:00:00,2026-04-16 03:00:42,short,0.01,4823.4,4830.72,4814.78,-7.35,1094.4100000000003,94.41,-7.3200000000006185,4830.72,sl,0.02999999999938119
54,2026-04-16 17:45:00,2026-04-16 18:06:01,long,0.01,4787.92,4767.91,4804.49,16.57,1110.9800000000005,110.98,16.56999999999971,4804.49,tp,-2.913225216616411e-13
55,2026-04-21 01:30:00,2026-04-21 02:48:54,short,0.01,4828.75,4837.51,4820.78,7.98,1118.9600000000005,118.96,7.970000000000255,4820.78,tp,-0.009999999999745768
56,2026-04-27 17:30:00,2026-04-27 17:53:30,long,0.01,4689.29,4682.53,4701.31,-6.79,1112.1700000000003,112.17,-6.760000000000218,4682.53,sl,0.029999999999781757
57,2026-05-05 12:15:00,2026-05-05 13:25:39,short,0.01,4557.54,4564.47,4550.72,6.83,1119.0000000000005,119.0,6.819999999999709,4550.72,tp,-0.01000000000029111
58,2026-05-14 10:45:00,2026-05-14 10:50:26,short,0.01,4709.15,4723.51,4700.01,9.15,1128.1500000000003,128.15,9.139999999999418,4700.01,tp,-0.010000000000582432
59,2026-05-21 16:45:00,2026-05-21 16:54:39,long,0.01,4497.98,4483.73,4519.23,21.26,1149.4100000000003,149.41,21.25,4519.23,tp,-0.010000000000001563
60,2026-05-26 03:30:00,2026-05-26 04:33:59,long,0.01,4549.55,4538.01,4564.44,-11.54,1137.8700000000006,137.87,-11.539999999999964,4538.01,sl,3.552713678800501e-14
61,2026-06-02 07:30:00,2026-06-02 07:47:25,short,0.01,4504.5,4514.61,4494.44,-10.13,1127.7400000000005,127.74,-10.109999999999673,4514.61,sl,0.0200000000003282
62,2026-06-04 04:15:00,2026-06-04 04:22:38,short,0.01,4464.31,4471.63,4454.56,-7.32,1120.4200000000003,120.42,-7.319999999999709,4471.63,sl,2.913225216616411e-13
63,2026-06-05 03:30:00,2026-06-05 04:05:40,long,0.01,4457.9,4447.05,4468.94,11.05,1131.4700000000005,131.47,11.039999999999964,4468.94,tp,-0.01000000000003709
64,2026-06-09 05:45:00,2026-06-09 06:04:41,short,0.01,4338.3,4343.54,4332.16,6.15,1137.6200000000006,137.62,6.140000000000327,4332.16,tp,-0.009999999999672937
65,2026-06-17 17:00:00,2026-06-17 17:23:20,short,0.01,4339.81,4348.42,4334.82,-8.61,1129.010000000001,129.01,-8.609999999999673,4348.42,sl,3.268496584496461e-13
66,2026-06-23 05:00:00,2026-06-23 06:01:29,long,0.01,4161.56,4145.58,4176.06,-15.99,1113.020000000001,113.02,-15.980000000000473,4145.58,sl,0.009999999999527276
67,2026-06-25 18:30:00,2026-06-25 21:30:00,short,0.01,4026.83,4047.25,4015.4,-17.46,1095.5600000000006,95.56,-17.220000000000255,4044.05,time,0.2399999999997462
68,2026-07-09 10:15:00,2026-07-09 11:21:38,short,0.01,4101.47,4114.92,4091.39,-13.46,1082.1000000000006,82.1,-13.449999999999818,4114.92,sl,0.010000000000182752
69,2026-07-16 05:30:00,2026-07-16 05:41:38,long,0.01,4034.93,4024.87,4048.84,-10.07,1072.0300000000009,72.03,-10.059999999999945,4024.87,sl,0.010000000000054854
70,2026-07-27 17:45:00,2026-07-27 19:25:31,long,0.01,4069.13,4061.16,4085.7,16.6,1088.6300000000006,88.63,16.56999999999971,4085.7,tp,-0.03000000000029246
71,2026-07-31 11:45:00,2026-07-31 12:34:42,long,0.01,4059.53,4051.12,4072.73,-8.42,1080.2100000000005,80.21,-8.41000000000031,4051.12,sl,0.0099999999996907
72,2026-08-07 05:15:00,2026-08-07 05:40:40,short,0.01,4258.61,4266.21,4251.64,6.99,1087.2000000000005,87.2,6.969999999999345,4251.64,tp,-0.02000000000065505
73,2026-08-07 07:15:00,2026-08-07 08:33:41,short,0.01,4265.85,4273.35,4257.01,-7.51,1079.6900000000005,79.69,-7.5,4273.35,sl,0.009999999999999787
74,2026-08-26 04:00:00,2026-08-26 04:00:15,long,0.01,4637.58,4630.41,4655.06,-7.19,1072.5000000000005,72.5,-7.170000000000073,4630.41,sl,0.01999999999992763
75,2026-08-27 17:00:00,2026-08-27 17:35:42,long,0.01,4572.7,4560.75,4588.06,15.36,1087.8600000000004,87.86,15.360000000000582,4588.06,tp,5.826450433232822e-13
76,2026-09-01 03:15:00,2026-09-01 03:21:39,short,0.01,4455.08,4461.22,4448.14,-6.14,1081.7200000000005,81.72,-6.140000000000327,4461.22,sl,-3.277378368693462e-13
