min_boundary_touches,target_mode,require_rsi,ret,ann,dd,sharpe,pf,trades,win,swap,eod
1,mid,False,-11.18,-6.39,19.75,-0.982,0.903,549,44.26,0.0,41
1,mid,True,2.89,1.6,4.43,-0.006,1.119,122,44.26,0.0,12
1,opposite,False,-18.04,-10.49,28.42,-1.242,0.901,723,37.76,0.0,61
1,opposite,True,6.88,3.78,5.59,0.275,1.249,128,39.06,0.0,15
2,mid,False,0.12,0.07,3.02,-1.77,1.014,47,44.68,0.0,2
2,mid,True,0.58,0.33,0.96,-2.128,1.495,6,66.67,0.0,0
2,opposite,False,-4.37,-2.46,6.02,-1.199,0.734,68,35.29,0.0,7
2,opposite,True,-0.07,-0.04,0.97,-2.949,0.945,6,33.33,0.0,1
3,mid,False,0.69,0.39,0.23,-3.085,5.67,5,60.0,0.0,0
3,mid,True,0.29,0.16,0.0,-6.659,,1,100.0,0.0,0
3,opposite,False,1.5,0.83,0.29,-0.912,11.094,6,66.67,0.0,0
3,opposite,True,0.29,0.16,0.0,-6.659,,1,100.0,0.0,0
