short_rel_slope_max,short_rsi_high,target_mode,ret,ann,dd,sharpe,pf,trades,win,swap,eod
0.0004,65.0,mid,-3.25,-1.82,4.66,-1.946,0.745,56,33.93,0.0,4
0.0004,65.0,opposite,-4.95,-2.79,8.02,-0.862,0.661,59,28.81,0.0,6
0.0004,70.0,mid,-1.83,-1.03,1.83,-3.189,0.289,8,25.0,0.0,0
0.0004,70.0,opposite,-2.45,-1.37,2.45,-2.357,0.05,8,25.0,0.0,0
0.0004,75.0,mid,0.0,0.0,0.0,,,0,0.0,0.0,0
0.0004,75.0,opposite,0.0,0.0,0.0,,,0,0.0,0.0,0
0.0004,80.0,mid,0.0,0.0,0.0,,,0,0.0,0.0,0
0.0004,80.0,opposite,0.0,0.0,0.0,,,0,0.0,0.0,0
0.0002,65.0,mid,-1.79,-1.0,3.48,-1.253,0.798,40,32.5,0.0,3
0.0002,65.0,opposite,-2.41,-1.35,6.42,-0.652,0.766,42,28.57,0.0,3
0.0002,70.0,mid,-1.59,-0.89,1.59,-3.741,0.0,3,0.0,0.0,0
0.0002,70.0,opposite,-1.59,-0.89,1.59,-3.741,0.0,3,0.0,0.0,0
0.0002,75.0,mid,0.0,0.0,0.0,,,0,0.0,0.0,0
0.0002,75.0,opposite,0.0,0.0,0.0,,,0,0.0,0.0,0
0.0002,80.0,mid,0.0,0.0,0.0,,,0,0.0,0.0,0
0.0002,80.0,opposite,0.0,0.0,0.0,,,0,0.0,0.0,0
0.0,65.0,mid,-0.79,-0.44,2.37,-0.804,0.741,15,26.67,0.0,1
0.0,65.0,opposite,-0.17,-0.09,2.73,-0.498,0.951,16,25.0,0.0,1
0.0,70.0,mid,0.0,0.0,0.0,,,0,0.0,0.0,0
0.0,70.0,opposite,0.0,0.0,0.0,,,0,0.0,0.0,0
0.0,75.0,mid,0.0,0.0,0.0,,,0,0.0,0.0,0
0.0,75.0,opposite,0.0,0.0,0.0,,,0,0.0,0.0,0
0.0,80.0,mid,0.0,0.0,0.0,,,0,0.0,0.0,0
0.0,80.0,opposite,0.0,0.0,0.0,,,0,0.0,0.0,0
-0.0002,65.0,mid,1.57,0.87,0.27,-0.508,6.999,3,66.67,0.0,0
-0.0002,65.0,opposite,2.55,1.41,0.27,-0.106,10.728,3,66.67,0.0,0
-0.0002,70.0,mid,0.0,0.0,0.0,,,0,0.0,0.0,0
-0.0002,70.0,opposite,0.0,0.0,0.0,,,0,0.0,0.0,0
-0.0002,75.0,mid,0.0,0.0,0.0,,,0,0.0,0.0,0
-0.0002,75.0,opposite,0.0,0.0,0.0,,,0,0.0,0.0,0
-0.0002,80.0,mid,0.0,0.0,0.0,,,0,0.0,0.0,0
-0.0002,80.0,opposite,0.0,0.0,0.0,,,0,0.0,0.0,0
