false_break_atr,reclaim_atr,reclaim_max_bars,ret,ann,dd,sharpe,pf,trades,win,swap,eod
0.05,0.0,0,-33.46,-20.31,43.68,-0.754,0.83,1000,40.3,-0.72,88
0.05,0.0,1,-35.8,-21.88,39.98,-1.778,0.812,971,40.37,-0.72,81
0.05,0.05,0,-37.96,-23.36,41.68,-1.417,0.8,936,40.71,-0.72,82
0.05,0.05,1,-41.42,-25.77,43.93,-3.05,0.77,892,40.36,-0.72,72
0.05,0.1,0,-26.11,-15.51,33.59,-1.102,0.848,869,42.12,-0.72,76
0.05,0.1,1,-35.06,-21.38,37.56,-3.706,0.789,824,41.14,-0.72,69
0.1,0.0,0,-30.05,-18.06,36.2,-1.05,0.833,883,41.68,-0.72,79
0.1,0.0,1,-25.9,-15.38,29.68,-1.533,0.852,883,42.24,-0.72,71
0.1,0.05,0,-27.31,-16.29,30.38,-1.622,0.838,816,42.52,-0.72,72
0.1,0.05,1,-30.42,-18.3,32.23,-2.824,0.813,798,42.23,-0.72,61
0.1,0.1,0,-14.74,-8.5,22.75,-0.926,0.902,750,44.27,-0.72,66
0.1,0.1,1,-24.42,-14.44,26.98,-3.164,0.835,728,42.99,-0.72,57
0.2,0.0,0,-25.72,-15.27,29.23,-1.665,0.819,658,41.79,0.0,49
0.2,0.0,1,-25.82,-15.34,26.8,-2.796,0.825,701,42.08,0.0,47
0.2,0.05,0,-23.57,-13.91,25.46,-2.714,0.821,605,42.48,0.0,46
0.2,0.05,1,-29.28,-17.56,29.78,-3.966,0.784,628,41.72,0.0,42
0.2,0.1,0,-11.18,-6.39,19.75,-0.982,0.903,549,44.26,0.0,41
0.2,0.1,1,-22.61,-13.31,24.75,-4.504,0.812,560,42.32,0.0,38
