false_break_atr,reclaim_atr,short_target_mode,short_rsi_high,ret,ann,dd,sharpe,pf,trades,win,swap,eod
0.1,0.05,mid,60.0,1.44,0.8,6.2,-0.213,1.105,82,39.02,0.0,6
0.1,0.05,mid,65.0,1.69,0.94,1.42,-0.853,1.483,25,40.0,0.0,1
0.1,0.05,mid,70.0,-0.29,-0.16,0.29,-13.96,0.0,2,0.0,0.0,0
0.1,0.05,half_mid,60.0,1.74,0.96,2.4,-9.199,1.192,75,56.0,0.0,5
0.1,0.05,half_mid,65.0,1.09,0.61,0.77,-2.413,1.424,23,56.52,0.0,1
0.1,0.05,half_mid,70.0,-0.29,-0.16,0.29,-13.96,0.0,2,0.0,0.0,0
0.2,0.1,mid,60.0,-0.72,-0.4,5.18,-0.401,0.928,52,34.62,0.0,3
0.2,0.1,mid,65.0,1.5,0.83,1.39,-0.862,1.727,14,42.86,0.0,1
0.2,0.1,mid,70.0,0.0,0.0,0.0,,,0,0.0,0.0,0
0.2,0.1,half_mid,60.0,0.18,0.1,2.01,-5.613,1.03,42,52.38,0.0,3
0.2,0.1,half_mid,65.0,1.46,0.81,0.53,-1.787,2.272,12,66.67,0.0,1
0.2,0.1,half_mid,70.0,0.0,0.0,0.0,,,0,0.0,0.0,0
0.3,0.15,mid,60.0,-0.61,-0.34,2.44,-1.033,0.875,26,38.46,0.0,1
0.3,0.15,mid,65.0,-1.19,-0.67,1.49,-2.681,0.261,8,25.0,0.0,1
0.3,0.15,mid,70.0,0.0,0.0,0.0,,,0,0.0,0.0,0
0.3,0.15,half_mid,60.0,0.89,0.5,0.59,-1.35,1.383,19,63.16,0.0,1
0.3,0.15,half_mid,65.0,0.34,0.19,0.54,-1.763,1.481,6,66.67,0.0,1
0.3,0.15,half_mid,70.0,0.0,0.0,0.0,,,0,0.0,0.0,0
