side,mt5_open_utc,py_open_utc,delay_min,mt5_pnl,py_pnl
short,2025-07-07 19:00:00,2025-07-07 19:00:00,0.0,-3.62,-3.8325934281901937
long,2025-07-15 15:45:00,2025-07-15 15:45:00,0.0,-7.03,-7.135497632474654
long,2025-07-23 16:45:00,2025-07-23 16:45:00,0.0,-9.23,3.869999999999891
short,2025-07-28 07:15:00,2025-07-28 07:15:00,0.0,4.25,4.167500000000018
short,2025-08-15 07:00:00,2025-08-15 07:00:00,0.0,-2.96,-2.849999999999909
short,2025-08-19 06:30:00,2025-08-19 06:30:00,0.0,3.59,3.5100000000002183
short,2025-08-20 09:30:00,2025-08-20 09:30:00,0.0,-3.92,-4.092983181526961
short,2025-08-20 10:30:00,2025-08-20 10:30:00,0.0,2.78,2.7174999999992906
short,2025-08-20 13:45:00,2025-08-20 13:45:00,0.0,-2.23,-2.416487212596621
short,2025-08-20 14:45:00,2025-08-20 14:45:00,0.0,-4.04,-4.062939824005753
long,2025-08-21 14:15:00,2025-08-21 14:15:00,0.0,5.16,5.195000000000164
long,2025-08-28 05:15:00,2025-08-28 05:15:00,0.0,3.38,5.849999999999909
short,2025-09-10 07:30:00,2025-09-10 07:30:00,0.0,-4.32,-4.3049999999993815
short,2025-09-11 15:45:00,2025-09-11 15:45:00,0.0,5.43,5.390000000000782
long,2025-09-17 11:30:00,2025-09-17 11:30:00,0.0,-5.75,-5.861029583129948
short,2025-09-17 16:45:00,2025-09-17 16:45:00,0.0,-5.91,-5.220000000000709
short,2025-09-19 07:00:00,2025-09-19 07:00:00,0.0,-5.13,-5.535000000000309
short,2025-09-25 11:30:00,2025-09-25 11:30:00,0.0,5.69,5.630000000000109
short,2025-10-02 12:45:00,2025-10-02 12:45:00,0.0,-4.06,-4.265160106881012
short,2025-10-02 14:45:00,2025-10-02 14:45:00,0.0,-3.34,-3.5153058250120925
long,2025-10-03 06:45:00,2025-10-03 06:45:00,0.0,10.84,10.875000000000457
short,2025-10-03 17:00:00,2025-10-03 17:00:00,0.0,4.84,14.499999999999998
long,2025-10-07 10:30:00,2025-10-07 10:30:00,0.0,-10.64,11.944999999999707
long,2025-11-03 02:30:00,2025-11-03 02:30:00,0.0,17.21,17.240000000000236
short,2025-11-03 05:45:00,2025-11-03 05:45:00,0.0,11.83,11.887500000000273
short,2025-11-12 10:45:00,2025-11-12 10:45:00,0.0,6.58,6.677499999999783
long,2025-11-21 09:15:00,2025-11-21 09:15:00,0.0,21.92,21.9699999999998
short,2025-11-21 16:15:00,2025-11-21 16:15:00,0.0,12.19,12.117499999999836
short,2025-11-24 20:00:00,2025-11-24 20:00:00,0.0,-10.78,-2.9200000000000728
short,2025-11-28 01:45:00,2025-11-28 01:45:00,0.0,-2.88,-3.080498300695581
short,2025-12-04 18:15:00,2025-12-04 18:15:00,0.0,-8.89,-0.8099999999994907
long,2025-12-10 11:15:00,2025-12-10 11:15:00,0.0,-5.84,-5.934258586870783
long,2025-12-10 12:15:00,2025-12-10 12:15:00,0.0,-6.44,-6.439295983434022
short,2025-12-19 20:00:00,2025-12-19 20:00:00,0.0,7.98,-1.25
long,2025-12-29 02:45:00,2025-12-29 02:45:00,0.0,24.66,24.69000000000051
short,2025-12-30 14:30:00,2025-12-30 14:30:00,0.0,-9.61,-9.810441202642323
short,2026-01-08 17:30:00,2026-01-08 17:30:00,0.0,-11.52,0.1599999999998544
short,2026-02-13 17:45:00,2026-02-13 17:45:00,0.0,17.23,29.76000000000022
long,2026-02-24 15:00:00,2026-02-24 15:00:00,0.0,-10.68,-10.77326007621923
long,2026-02-26 17:30:00,2026-02-26 17:30:00,0.0,23.13,33.57999999999993
short,2026-03-04 12:30:00,2026-03-04 12:30:00,0.0,14.28,14.177499999999782
short,2026-03-06 15:45:00,2026-03-06 15:45:00,0.0,14.06,36.10000000000037
short,2026-03-12 11:15:00,2026-03-12 11:15:00,0.0,2.4,2.4099999999998545
short,2026-04-07 12:15:00,2026-04-07 12:15:00,0.0,14.12,13.987500000000184
short,2026-04-14 01:15:00,2026-04-14 01:15:00,0.0,-14.08,-12.833280039301826
short,2026-04-16 03:00:00,2026-04-16 03:00:00,0.0,-7.35,-7.048053220163639
long,2026-04-16 17:45:00,2026-04-16 17:45:00,0.0,16.57,16.625
short,2026-04-21 01:30:00,2026-04-21 01:30:00,0.0,7.98,7.907500000000255
long,2026-04-27 17:30:00,2026-04-27 17:30:00,0.0,-6.79,-6.846895845111249
short,2026-05-05 12:15:00,2026-05-05 12:15:00,0.0,6.83,6.765000000000327
short,2026-05-14 10:45:00,2026-05-14 10:45:00,0.0,9.15,15.710000000000038
long,2026-05-21 16:45:00,2026-05-21 16:45:00,0.0,21.26,10.149999999999636
long,2026-05-26 03:30:00,2026-05-26 03:30:00,0.0,-11.54,-11.633770226414526
short,2026-06-02 07:30:00,2026-06-02 07:30:00,0.0,-10.13,-10.142262718174608
short,2026-06-04 04:15:00,2026-06-04 04:15:00,0.0,-7.32,-7.298139300241928
long,2026-06-05 03:30:00,2026-06-05 03:30:00,0.0,11.05,11.090000000000146
short,2026-06-09 05:45:00,2026-06-09 05:45:00,0.0,6.15,6.077499999999418
short,2026-06-17 17:00:00,2026-06-17 17:00:00,0.0,-8.61,-8.809582850242805
long,2026-06-23 05:00:00,2026-06-23 05:00:00,0.0,-15.99,-15.777952021221608
short,2026-06-25 18:30:00,2026-06-25 18:30:00,0.0,-17.46,-14.870000000000347
short,2026-07-09 10:15:00,2026-07-09 10:15:00,0.0,-13.46,-13.435319315988636
long,2026-07-16 05:30:00,2026-07-16 05:30:00,0.0,-10.07,-9.85296226478249
long,2026-07-27 17:45:00,2026-07-27 17:45:00,0.0,16.6,6.830000000000382
long,2026-07-31 11:45:00,2026-07-31 11:45:00,0.0,-8.42,-8.48361240825534
short,2026-08-07 05:15:00,2026-08-07 05:15:00,0.0,6.99,6.917499999999564
short,2026-08-07 07:15:00,2026-08-07 07:15:00,0.0,-7.51,-7.610812469991288
long,2026-08-26 04:00:00,2026-08-26 04:00:00,0.0,-7.19,17.30499999999938
long,2026-08-27 17:00:00,2026-08-27 17:00:00,0.0,15.36,8.654999999999745
short,2026-09-01 03:15:00,2026-09-01 03:15:00,0.0,-6.14,-6.005000000000109
