target,cooldown,reversal,rel_max,ret,ann,dd,sharpe,pf,trades,win,swap,eod
mid,4,False,0.0002,-36.91,-22.64,39.13,-1.135,0.793,996,37.85,0.0,83
mid,4,False,0.0004,-46.56,-29.47,50.63,-1.327,0.833,1554,37.58,-0.72,126
mid,4,True,0.0002,-36.02,-22.03,38.74,-1.083,0.761,807,38.17,0.0,74
mid,4,True,0.0004,-60.33,-40.26,61.42,-2.232,0.745,1240,37.66,-0.72,112
mid,12,False,0.0002,-34.21,-20.81,35.8,-1.267,0.76,768,36.98,0.0,46
mid,12,False,0.0004,-36.69,-22.48,41.82,-0.936,0.829,1176,37.16,-0.72,73
mid,12,True,0.0002,-35.53,-21.7,37.75,-1.302,0.715,649,37.29,0.0,44
mid,12,True,0.0004,-52.2,-33.73,53.93,-2.044,0.725,981,36.9,-0.72,69
opposite,4,False,0.0002,-42.19,-26.32,56.82,-1.149,0.81,1063,32.64,0.0,110
opposite,4,False,0.0004,-61.45,-41.21,69.5,-2.56,0.823,1650,32.36,-0.72,163
opposite,4,True,0.0002,-38.51,-23.74,50.74,-0.798,0.812,949,33.72,0.0,102
opposite,4,True,0.0004,-62.39,-42.01,70.51,-2.002,0.805,1464,33.81,-0.72,152
opposite,12,False,0.0002,-41.76,-26.01,51.6,-1.709,0.763,816,30.64,0.0,62
opposite,12,False,0.0004,-62.18,-41.83,66.37,-2.546,0.77,1255,30.76,-0.72,98
opposite,12,True,0.0002,-36.66,-22.47,44.79,-1.101,0.779,747,31.99,0.0,56
opposite,12,True,0.0004,-59.05,-39.2,64.09,-1.736,0.766,1139,32.57,-0.72,93
