short_context,short_target_mode,stop_buffer_atr,ret,ann,dd,sharpe,pf,trades,win,swap,eod
slope,mid,0.5,-3.3,-1.85,5.1,-1.527,0.749,58,34.48,0.0,4
slope,mid,1.0,-5.5,-3.1,7.23,-1.786,0.659,58,36.21,0.0,4
slope,half_mid,0.5,-1.49,-0.83,3.27,-2.207,0.838,52,48.08,0.0,2
slope,half_mid,1.0,-0.54,-0.3,2.51,-1.244,0.932,41,53.66,0.0,2
below_ema48,mid,0.5,-0.98,-0.55,0.98,-2.872,0.0,4,0.0,0.0,0
below_ema48,mid,1.0,-1.27,-0.71,1.27,-2.38,0.0,4,0.0,0.0,0
below_ema48,half_mid,0.5,0.19,0.11,0.26,-10.54,1.72,3,66.67,0.0,0
below_ema48,half_mid,1.0,0.09,0.05,0.36,-22.417,1.256,3,66.67,0.0,0
below_ema96,mid,0.5,-1.64,-0.92,2.21,-1.282,0.297,11,18.18,0.0,1
below_ema96,mid,1.0,-2.3,-1.29,2.87,-1.165,0.231,11,18.18,0.0,1
below_ema96,half_mid,0.5,-0.51,-0.28,0.79,-2.587,0.689,9,44.44,0.0,0
below_ema96,half_mid,1.0,0.82,0.46,0.7,-3.262,1.855,8,62.5,0.0,0
bear_ema,mid,0.5,-1.64,-0.92,2.21,-1.282,0.297,11,18.18,0.0,1
bear_ema,mid,1.0,-2.3,-1.29,2.87,-1.165,0.231,11,18.18,0.0,1
bear_ema,half_mid,0.5,-0.51,-0.28,0.79,-2.587,0.689,9,44.44,0.0,0
bear_ema,half_mid,1.0,0.82,0.46,0.7,-3.262,1.855,8,62.5,0.0,0
below_prev_day,mid,0.5,1.5,0.83,1.39,-0.862,1.727,14,42.86,0.0,1
below_prev_day,mid,1.0,0.92,0.51,1.75,-1.1,1.348,14,42.86,0.0,1
below_prev_day,half_mid,0.5,1.46,0.81,0.53,-1.787,2.272,12,66.67,0.0,1
below_prev_day,half_mid,1.0,1.07,0.6,0.74,-2.631,1.7,12,66.67,0.0,1
