short_target_mode,stop_buffer_atr,false_break_atr,reclaim_atr,ret,ann,dd,sharpe,pf,trades,win,swap,eod
mid,0.5,0.2,0.1,-3.36,-1.88,5.1,-1.555,0.746,59,33.9,0.0,5
mid,0.5,0.3,0.1,-3.8,-2.13,4.7,-1.69,0.671,48,33.33,0.0,3
mid,0.5,0.3,0.15,-4.06,-2.28,4.66,-2.197,0.564,38,31.58,0.0,3
mid,1.0,0.2,0.1,-5.56,-3.14,7.24,-1.818,0.656,59,35.59,0.0,5
mid,1.0,0.3,0.1,-5.33,-3.0,6.17,-1.968,0.615,48,35.42,0.0,3
mid,1.0,0.3,0.15,-4.98,-2.81,5.57,-2.311,0.547,38,34.21,0.0,3
half_mid,0.5,0.2,0.1,-1.55,-0.87,3.27,-2.318,0.833,53,47.17,0.0,3
half_mid,0.5,0.3,0.1,-1.73,-0.97,3.01,-2.478,0.782,43,46.51,0.0,3
half_mid,0.5,0.3,0.15,-0.76,-0.42,2.69,-1.514,0.867,33,48.48,0.0,3
half_mid,1.0,0.2,0.1,-0.6,-0.33,2.51,-1.275,0.924,42,52.38,0.0,3
half_mid,1.0,0.3,0.1,-0.21,-0.12,2.6,-1.298,0.964,32,53.12,0.0,3
half_mid,1.0,0.3,0.15,0.01,0.0,2.59,-0.876,1.002,26,53.85,0.0,3
one_r,0.5,0.2,0.1,-5.28,-2.98,6.39,-1.839,0.583,58,37.93,0.0,4
one_r,0.5,0.3,0.1,-4.76,-2.68,5.43,-1.968,0.567,47,38.3,0.0,3
one_r,0.5,0.3,0.15,-3.96,-2.22,4.56,-2.241,0.548,37,37.84,0.0,3
one_r,1.0,0.2,0.1,-6.29,-3.56,7.55,-2.174,0.606,58,36.21,0.0,4
one_r,1.0,0.3,0.1,-5.64,-3.18,6.35,-2.305,0.586,47,36.17,0.0,3
one_r,1.0,0.3,0.15,-4.68,-2.63,5.2,-2.591,0.567,37,35.14,0.0,3
opposite,0.5,0.2,0.1,-4.95,-2.79,8.02,-0.862,0.661,59,28.81,0.0,6
opposite,0.5,0.3,0.1,-7.28,-4.13,8.39,-1.079,0.435,48,27.08,0.0,4
opposite,0.5,0.3,0.15,-7.94,-4.51,8.48,-1.335,0.256,38,23.68,0.0,4
opposite,1.0,0.2,0.1,-6.86,-3.88,9.68,-1.076,0.606,59,30.51,0.0,6
opposite,1.0,0.3,0.1,-8.52,-4.84,9.57,-1.251,0.434,48,29.17,0.0,4
opposite,1.0,0.3,0.15,-8.57,-4.87,9.1,-1.468,0.298,38,26.32,0.0,4
