group,name,IS_net,IS_dd,IS_sharpe,IS_calmar,OOS_net,OOS_dd,OOS_sharpe,OOS_calmar,k_mean
base,A_fixed1oz,288,6.8,1.33,1.99,1435,5.7,3.19,17.01,1.0
E1_kmax,RLexp_k1.00,289,6.8,1.33,1.99,1435,5.7,3.19,17.02,0.99
E1_kmax,RLexp_k1.25,359,8.1,1.34,2.05,1795,6.6,3.18,17.32,1.21
E1_kmax,RLexp_k1.50,409,9.4,1.32,2.0,2154,7.6,3.16,17.51,1.39
E1_kmax,RLexp_k1.75,440,10.5,1.28,1.91,2509,8.6,3.15,17.48,1.54
E1_kmax,RLexp_k2.00,471,11.9,1.26,1.79,2859,9.6,3.14,17.44,1.66
E1_kmax,RLexp_k2.50,525,13.7,1.25,1.71,3513,11.5,3.1,17.16,1.83
E1_kmax,RLexp_k3.00,568,14.6,1.26,1.72,4085,13.3,3.04,16.61,1.93
E2_throttle,RLexp_k2.00_dd6_f50,381,9.3,1.23,1.89,2487,8.5,3.15,18.22,1.34
E2_throttle,RLexp_k2.00_dd6_f35,346,8.5,1.17,1.88,2237,8.5,2.92,16.98,1.22
E2_throttle,RLexp_k2.00_dd8_f50,358,10.2,1.15,1.62,2550,10.1,3.1,16.01,1.39
E2_throttle,RLexp_k2.00_dd8_f35,309,9.8,1.05,1.48,2397,9.1,2.96,17.24,1.26
E2_throttle,RLexp_k2.00_dd10_f50,390,11.2,1.16,1.59,2502,10.1,3.02,15.38,1.52
E2_throttle,RLexp_k2.00_dd10_f35,366,11.1,1.12,1.53,2533,9.6,3.22,16.67,1.46
E2_throttle,RLexp_k2.00_dd12_f50,471,11.9,1.26,1.79,2859,9.6,3.14,17.44,1.66
E2_throttle,RLexp_k2.00_dd12_f35,471,11.9,1.26,1.79,2859,9.6,3.14,17.44,1.66
E2_throttle,RLexp_k2.00_dd14_f50,471,11.9,1.26,1.79,2859,9.6,3.14,17.44,1.66
E2_throttle,RLexp_k2.00_dd14_f35,471,11.9,1.26,1.79,2859,9.6,3.14,17.44,1.66
