group,name,n,net,ret_pct,pf,win_pct,dd_trade_pct,dd_daily_pct,ann_pct,calmar,sharpe,k_mean,note
base,A_fixed1oz,634,1723.3,172.3,1.639,47.6,7.35,6.8,50.7,7.45,2.16,1.0,
check,RLexpand_kmax3.0,634,4652.5,465.3,1.766,47.6,17.76,14.64,103.2,7.05,2.06,1.93,复现锚点
E1,RLexpand_kmax1.00,634,1724.1,172.4,1.642,47.6,7.35,6.8,50.7,7.45,2.16,0.99,
E1,RLexpand_kmax1.25,634,2153.8,215.4,1.648,47.6,8.72,8.07,60.0,7.43,2.16,1.21,
E1,RLexpand_kmax1.50,634,2563.2,256.3,1.655,47.6,10.07,9.37,68.2,7.28,2.14,1.39,
E1,RLexpand_kmax1.75,634,2948.8,294.9,1.665,47.6,11.42,10.49,75.4,7.19,2.11,1.54,
E1,RLexpand_kmax2.00,634,3330.8,333.1,1.681,47.6,12.82,11.87,82.2,6.92,2.1,1.66,
E1,RLexpand_kmax2.50,634,4037.7,403.8,1.722,47.6,15.33,13.74,93.8,6.83,2.08,1.83,
E2,RLexp_k1.50_dd6_f50,634,2134.3,213.4,1.636,47.6,9.34,7.99,59.6,7.46,2.05,1.15,
E2,RLexp_k1.50_dd10_f50,634,2563.2,256.3,1.655,47.6,10.07,9.37,68.2,7.28,2.14,1.39,
E2,RLexp_k1.50_dd14_f50,634,2563.2,256.3,1.655,47.6,10.07,9.37,68.2,7.28,2.14,1.39,
E2,RLexp_k2.00_dd6_f50,634,2867.8,286.8,1.71,47.6,10.42,9.28,73.9,7.97,2.11,1.34,
E2,RLexp_k2.00_dd10_f50,634,2892.0,289.2,1.643,47.6,15.34,12.73,74.4,5.84,2.01,1.52,
E2,RLexp_k2.00_dd14_f50,634,3330.8,333.1,1.681,47.6,12.82,11.87,82.2,6.92,2.1,1.66,
E2,RLexp_k3.00_dd6_f50,634,3932.3,393.2,1.799,47.6,16.88,13.18,92.1,6.99,2.04,1.54,
E2,RLexp_k3.00_dd10_f50,634,4040.1,404.0,1.763,47.6,18.38,15.2,93.9,6.17,1.98,1.63,
E2,RLexp_k3.00_dd14_f50,634,4027.1,402.7,1.713,47.6,21.59,16.68,93.6,5.61,1.95,1.78,
E2,RLexp_k2.00_dd10_f35,634,2898.5,289.8,1.68,47.6,11.55,11.06,74.5,6.74,2.08,1.46,
E2,A_dd5_f50,634,1584.3,158.4,1.637,47.6,8.75,7.71,47.5,6.16,2.01,0.89,
E2,A_dd8_f50,634,1723.3,172.3,1.639,47.6,7.35,6.8,50.7,7.45,2.16,1.0,
E3,A_raw018,634,1837.4,183.7,1.697,47.6,6.83,5.9,53.2,9.02,2.34,1.0,RAW 8pt+佣金
E3,A_raw014,634,1812.0,181.2,1.684,47.6,6.95,6.1,52.7,8.64,2.3,1.0,RAW 12pt+佣金
E3,RLexp_k2.00_raw018,634,3520.5,352.0,1.735,47.6,11.83,10.3,85.4,8.29,2.27,1.66,
E3b,RLexp_k1.50_raw018,634,2722.3,272.2,1.711,47.6,9.27,8.08,71.2,8.81,2.31,1.39,
E3b,RLexp_k2.00_dd6_f50_raw018,634,3021.1,302.1,1.762,47.6,9.77,8.21,76.7,9.35,2.25,1.34,
E3b,RLexp_k2.50_dd6_f50_raw018,634,3585.4,358.5,1.803,47.6,12.17,9.68,86.5,8.93,2.19,1.46,
