id,side,entry_dt,exit_dt,entry_price,exit_price,stop_price,target_price,exit_reason,pnl_usd,pnl_pct,r_multiple,holding_min,holding_bars,entry_hour_utc,entry_dow,entry_session,initial_risk_usd
1,long,2025-06-03 00:00,2025-06-03 00:15,3387.57,3381.52,3381.68,3397.52,sl,-6.06,-0.179,-1.028,15.0,1,0,Tue,亚洲(00-06),5.89
2,short,2025-06-03 16:30,2025-06-03 17:15,3348.99,3351.17,3357.49,3334.67,eod,-2.18,-0.065,-0.256,45.0,3,16,Tue,伦/纽重叠(12-16),8.5
3,short,2025-06-08 22:45,2025-06-09 00:45,3312.14,3298.63,3320.05,3298.63,tp,13.52,0.408,1.71,120.0,8,22,Sun,悉尼(22-23),7.91
4,short,2025-06-09 03:30,2025-06-09 04:15,3304.24,3313.22,3313.18,3288.84,sl,-8.98,-0.272,-1.004,45.0,3,3,Mon,亚洲(00-06),8.94
5,long,2025-06-12 06:45,2025-06-12 07:30,3372.26,3365.51,3365.67,3383.38,sl,-6.76,-0.2,-1.025,45.0,3,6,Thu,亚洲(00-06),6.59
6,long,2025-06-13 10:30,2025-06-13 10:45,3422.32,3412.43,3412.6,3438.81,sl,-9.88,-0.289,-1.017,15.0,1,10,Fri,伦敦(07-11),9.72
7,long,2025-06-13 14:45,2025-06-13 15:00,3436.47,3425.68,3425.85,3454.29,sl,-10.78,-0.314,-1.016,15.0,1,14,Fri,伦/纽重叠(12-16),10.62
8,short,2025-06-16 23:45,2025-06-17 00:00,3393.93,3402.96,3400.56,3382.82,sl,-9.03,-0.266,-1.361,15.0,1,23,Mon,悉尼(22-23),6.64
9,short,2025-06-17 06:00,2025-06-17 06:45,3392.39,3387.2,3399.91,3379.89,trail,5.18,0.153,0.689,45.0,3,6,Tue,亚洲(00-06),7.52
10,short,2025-06-24 10:00,2025-06-24 10:30,3318.58,3327.36,3327.2,3303.7,sl,-8.78,-0.265,-1.019,30.0,2,10,Tue,伦敦(07-11),8.62
11,short,2025-06-27 10:00,2025-06-27 10:15,3282.64,3290.64,3290.47,3269.37,sl,-8.0,-0.244,-1.021,15.0,1,10,Fri,伦敦(07-11),7.84
12,short,2025-06-27 16:45,2025-06-27 17:15,3274.66,3276.4,3284.1,3258.72,eod,-1.75,-0.053,-0.185,30.0,2,16,Fri,伦/纽重叠(12-16),9.45
13,short,2025-06-29 22:15,2025-06-29 22:30,3265.66,3249.65,3272.8,3253.63,tp,16.01,0.49,2.243,15.0,1,22,Sun,悉尼(22-23),7.14
14,short,2025-06-30 00:45,2025-06-30 01:15,3264.78,3273.64,3273.48,3250.03,sl,-8.87,-0.272,-1.019,30.0,2,0,Mon,亚洲(00-06),8.7
15,long,2025-07-01 02:45,2025-07-01 05:00,3318.24,3327.21,3312.95,3327.21,tp,8.98,0.271,1.701,135.0,9,2,Tue,亚洲(00-06),5.28
16,short,2025-07-04 02:45,2025-07-04 03:30,3329.66,3334.3,3334.14,3322.24,sl,-4.64,-0.139,-1.037,45.0,3,2,Fri,亚洲(00-06),4.47
17,short,2025-07-07 08:45,2025-07-07 10:30,3310.22,3298.31,3317.29,3298.31,tp,11.92,0.36,1.686,105.0,7,8,Mon,伦敦(07-11),7.07
18,long,2025-07-08 04:15,2025-07-08 06:00,3331.18,3332.37,3325.96,3339.86,trail,1.19,0.036,0.228,105.0,7,4,Tue,亚洲(00-06),5.22
19,long,2025-07-08 06:30,2025-07-08 08:00,3334.86,3329.63,3329.79,3343.29,sl,-5.23,-0.157,-1.033,90.0,6,6,Tue,亚洲(00-06),5.06
20,short,2025-07-08 22:30,2025-07-08 23:45,3301.66,3301.73,3307.23,3292.39,trail,-0.06,-0.002,-0.011,75.0,5,22,Tue,悉尼(22-23),5.56
21,short,2025-07-09 07:30,2025-07-09 09:15,3290.64,3289.6,3296.93,3280.02,trail,1.03,0.031,0.164,105.0,7,7,Wed,伦敦(07-11),6.29
22,long,2025-07-11 17:45,2025-07-11 18:15,3352.38,3354.95,3345.54,3363.89,eod,2.57,0.077,0.375,30.0,2,17,Fri,纽约(17-21),6.85
23,long,2025-07-14 02:30,2025-07-14 07:00,3359.18,3370.43,3352.48,3370.43,tp,11.25,0.335,1.678,270.0,18,2,Mon,亚洲(00-06),6.7
24,long,2025-07-21 19:00,2025-07-21 19:30,3395.66,3398.18,3390.92,3403.44,eod,2.52,0.074,0.531,30.0,2,19,Mon,纽约(17-21),4.75
25,long,2025-07-22 05:00,2025-07-22 05:30,3391.32,3386.35,3386.42,3399.27,sl,-4.97,-0.146,-1.013,30.0,2,5,Tue,亚洲(00-06),4.9
26,long,2025-07-23 00:15,2025-07-23 01:00,3433.01,3427.77,3427.94,3441.5,sl,-5.24,-0.153,-1.033,45.0,3,0,Wed,亚洲(00-06),5.08
27,long,2025-07-23 02:45,2025-07-23 03:45,3421.78,3424.03,3415.74,3431.91,trail,2.25,0.066,0.373,60.0,4,2,Wed,亚洲(00-06),6.03
28,long,2025-07-23 06:45,2025-07-23 07:30,3423.9,3424.62,3418.23,3433.19,trail,0.71,0.021,0.126,45.0,3,6,Wed,亚洲(00-06),5.67
29,short,2025-07-24 01:15,2025-07-24 02:00,3389.99,3380.77,3395.54,3380.77,tp,9.23,0.272,1.663,45.0,3,1,Thu,亚洲(00-06),5.55
30,short,2025-07-24 04:45,2025-07-24 06:15,3383.03,3372.91,3389.06,3372.91,tp,10.12,0.299,1.679,90.0,6,4,Thu,亚洲(00-06),6.03
31,short,2025-07-24 11:00,2025-07-24 12:45,3364.14,3354.14,3370.14,3354.14,tp,10.01,0.298,1.67,105.0,7,11,Thu,伦敦(07-11),5.99
32,short,2025-07-28 00:30,2025-07-28 01:00,3332.28,3338.06,3337.9,3322.89,sl,-5.78,-0.173,-1.029,30.0,2,0,Mon,亚洲(00-06),5.61
33,short,2025-07-28 02:45,2025-07-28 03:45,3332.53,3339.32,3339.15,3321.55,sl,-6.79,-0.204,-1.025,60.0,4,2,Mon,亚洲(00-06),6.63
34,short,2025-07-29 00:15,2025-07-29 01:30,3310.84,3315.67,3315.5,3303.1,sl,-4.83,-0.146,-1.035,75.0,5,0,Tue,亚洲(00-06),4.67
35,short,2025-07-30 23:15,2025-07-30 23:45,3278.45,3285.77,3285.6,3266.16,sl,-7.32,-0.223,-1.023,30.0,2,23,Wed,悉尼(22-23),7.15
36,short,2025-07-31 05:15,2025-07-31 06:00,3296.05,3302.03,3301.87,3286.34,sl,-5.98,-0.181,-1.028,45.0,3,5,Thu,亚洲(00-06),5.81
37,long,2025-08-04 06:45,2025-08-04 07:15,3360.41,3354.77,3354.93,3369.56,sl,-5.65,-0.168,-1.03,30.0,2,6,Mon,亚洲(00-06),5.48
38,long,2025-08-04 10:45,2025-08-04 11:15,3358.3,3367.05,3353.03,3367.05,tp,8.76,0.261,1.664,30.0,2,10,Mon,伦敦(07-11),5.26
39,short,2025-08-11 12:15,2025-08-11 13:45,3353.51,3361.18,3361.01,3340.88,sl,-7.66,-0.228,-1.022,90.0,6,12,Mon,伦/纽重叠(12-16),7.5
40,short,2025-08-11 14:30,2025-08-11 17:15,3351.68,3343.29,3360.77,3336.34,eod,8.38,0.25,0.921,165.0,11,14,Mon,伦/纽重叠(12-16),9.1
41,long,2025-08-21 01:15,2025-08-21 02:15,3344.11,3340.45,3340.62,3349.78,sl,-3.66,-0.11,-1.047,60.0,4,1,Thu,亚洲(00-06),3.5
42,long,2025-08-25 06:15,2025-08-25 08:15,3367.93,3364.25,3364.42,3373.61,sl,-3.67,-0.109,-1.047,120.0,8,6,Mon,亚洲(00-06),3.51
43,long,2025-08-25 09:30,2025-08-25 10:00,3362.74,3368.13,3359.47,3368.13,tp,5.38,0.16,1.645,30.0,2,9,Mon,伦敦(07-11),3.27
44,long,2025-09-01 00:00,2025-09-01 00:45,3447.92,3442.57,3442.72,3457.19,sl,-5.35,-0.155,-1.028,45.0,3,0,Mon,亚洲(00-06),5.2
45,long,2025-09-01 14:15,2025-09-01 17:15,3478.2,3476.92,3471.62,3489.25,eod,-1.27,-0.037,-0.193,180.0,12,14,Mon,伦/纽重叠(12-16),6.57
46,long,2025-09-03 06:15,2025-09-03 08:30,3533.22,3536.52,3526.56,3544.44,trail,3.29,0.093,0.494,135.0,9,6,Wed,亚洲(00-06),6.67
47,long,2025-09-03 10:30,2025-09-03 11:00,3536.99,3547.48,3530.73,3547.48,tp,10.5,0.297,1.677,30.0,2,10,Wed,伦敦(07-11),6.26
48,long,2025-09-03 12:30,2025-09-03 13:15,3547.39,3559.17,3540.44,3559.17,tp,11.78,0.332,1.693,45.0,3,12,Wed,伦/纽重叠(12-16),6.96
49,long,2025-09-07 22:30,2025-09-08 01:00,3593.72,3585.62,3585.78,3607.15,sl,-8.1,-0.225,-1.021,150.0,10,22,Sun,悉尼(22-23),7.93
50,long,2025-09-08 02:30,2025-09-08 04:00,3590.34,3582.13,3582.3,3603.95,sl,-8.2,-0.228,-1.021,90.0,6,2,Mon,亚洲(00-06),8.04
51,long,2025-09-16 04:45,2025-09-16 06:45,3682.8,3690.81,3677.97,3690.81,tp,8.01,0.217,1.656,120.0,8,4,Tue,亚洲(00-06),4.84
52,long,2025-09-16 08:15,2025-09-16 12:30,3696.11,3689.79,3689.95,3706.53,sl,-6.32,-0.171,-1.027,255.0,17,8,Tue,伦敦(07-11),6.15
53,long,2025-09-22 00:15,2025-09-22 01:15,3690.65,3691.0,3685.51,3699.26,trail,0.34,0.009,0.067,60.0,4,0,Mon,亚洲(00-06),5.15
54,long,2025-09-22 03:15,2025-09-22 04:15,3690.28,3691.37,3683.98,3700.94,trail,1.09,0.03,0.173,60.0,4,3,Mon,亚洲(00-06),6.29
55,long,2025-09-22 13:00,2025-09-22 13:45,3721.84,3714.15,3714.32,3734.37,sl,-7.69,-0.207,-1.022,45.0,3,13,Mon,伦/纽重叠(12-16),7.53
56,long,2025-09-23 00:30,2025-09-23 01:15,3749.11,3750.54,3743.75,3758.06,trail,1.44,0.038,0.269,45.0,3,0,Tue,亚洲(00-06),5.36
57,long,2025-09-23 04:30,2025-09-23 05:45,3746.24,3758.76,3738.82,3758.76,tp,12.53,0.334,1.689,75.0,5,4,Tue,亚洲(00-06),7.42
58,long,2025-09-29 00:15,2025-09-29 00:45,3774.32,3787.3,3766.64,3787.3,tp,12.98,0.344,1.691,30.0,2,0,Mon,亚洲(00-06),7.68
59,long,2025-09-29 08:15,2025-09-29 12:00,3816.2,3822.95,3805.46,3834.33,trail,6.76,0.177,0.629,225.0,15,8,Mon,伦敦(07-11),10.73
60,long,2025-09-29 13:15,2025-09-29 13:45,3817.3,3819.4,3807.63,3833.9,trail,2.1,0.055,0.217,30.0,2,13,Mon,伦/纽重叠(12-16),9.68
61,long,2025-09-29 15:45,2025-09-29 17:15,3830.76,3829.18,3819.43,3849.98,eod,-1.59,-0.042,-0.14,90.0,6,15,Mon,伦/纽重叠(12-16),11.33
62,long,2025-10-01 06:30,2025-10-01 07:45,3862.01,3875.01,3854.33,3875.01,tp,13.0,0.337,1.691,75.0,5,6,Wed,亚洲(00-06),7.69
63,long,2025-10-06 11:30,2025-10-06 12:30,3938.78,3928.49,3928.66,3956.02,sl,-10.28,-0.261,-1.016,60.0,4,11,Mon,伦敦(07-11),10.12
64,long,2025-10-06 13:45,2025-10-06 15:00,3945.03,3949.98,3933.32,3965.06,trail,4.95,0.126,0.423,75.0,5,13,Mon,伦/纽重叠(12-16),11.71
65,long,2025-10-07 01:45,2025-10-07 03:15,3959.88,3962.22,3950.28,3976.74,trail,2.34,0.059,0.244,90.0,6,1,Tue,亚洲(00-06),9.6
66,long,2025-10-07 06:00,2025-10-07 06:30,3964.99,3955.81,3955.9,3980.33,sl,-9.18,-0.232,-1.009,30.0,2,6,Tue,亚洲(00-06),9.1
67,long,2025-10-08 17:45,2025-10-08 18:15,4049.9,4042.39,4038.94,4068.64,eod,-7.52,-0.186,-0.686,30.0,2,17,Wed,纽约(17-21),10.97
68,short,2025-10-10 06:15,2025-10-10 07:45,3970.76,3967.34,3983.31,3949.57,trail,3.43,0.086,0.273,90.0,6,6,Fri,亚洲(00-06),12.54
69,long,2025-10-13 00:30,2025-10-13 05:15,4040.72,4072.93,4022.05,4072.93,tp,32.22,0.797,1.726,285.0,19,0,Mon,亚洲(00-06),18.67
70,long,2025-10-13 14:30,2025-10-13 16:00,4095.38,4113.74,4083.9,4113.74,tp,18.36,0.448,1.6,90.0,6,14,Mon,伦/纽重叠(12-16),11.48
71,long,2025-10-16 13:15,2025-10-16 13:45,4246.03,4246.53,4233.2,4267.96,trail,0.5,0.012,0.039,30.0,2,13,Thu,伦/纽重叠(12-16),12.83
72,long,2025-10-17 06:45,2025-10-17 07:15,4364.23,4341.32,4341.48,4403.41,sl,-22.91,-0.525,-1.007,30.0,2,6,Fri,亚洲(00-06),22.74
73,short,2025-10-20 02:45,2025-10-20 06:30,4260.77,4238.57,4281.2,4225.46,trail,22.19,0.521,1.086,225.0,15,2,Mon,亚洲(00-06),20.43
74,short,2025-10-20 08:45,2025-10-20 11:45,4258.86,4275.44,4275.28,4230.57,sl,-16.58,-0.389,-1.01,180.0,12,8,Mon,伦敦(07-11),16.41
75,short,2025-10-21 18:45,2025-10-21 20:15,4113.64,4121.03,4143.42,4061.97,eod,-7.4,-0.18,-0.248,90.0,6,18,Tue,纽约(17-21),29.78
76,short,2025-10-22 12:45,2025-10-22 13:30,4045.05,4076.57,4076.4,3990.62,sl,-31.52,-0.779,-1.005,45.0,3,12,Wed,伦/纽重叠(12-16),31.36
77,short,2025-10-23 01:30,2025-10-23 03:00,4087.11,4085.33,4107.56,4051.76,trail,1.77,0.043,0.087,90.0,6,1,Thu,亚洲(00-06),20.46
78,long,2025-10-23 07:45,2025-10-23 10:15,4102.9,4113.06,4084.76,4134.26,trail,10.15,0.247,0.559,150.0,10,7,Thu,伦敦(07-11),18.15
79,long,2025-10-23 15:30,2025-10-23 16:45,4145.14,4127.23,4127.39,4175.76,sl,-17.92,-0.432,-1.009,75.0,5,15,Thu,伦/纽重叠(12-16),17.75
80,long,2025-10-24 01:45,2025-10-24 02:15,4125.91,4110.6,4110.77,4151.99,sl,-15.31,-0.371,-1.011,30.0,2,1,Fri,亚洲(00-06),15.15
81,short,2025-10-27 22:15,2025-10-27 23:30,3985.45,4001.1,4000.94,3958.6,sl,-15.66,-0.393,-1.011,75.0,5,22,Mon,悉尼(22-23),15.49
82,long,2025-10-30 17:30,2025-10-30 18:00,4002.61,4004.43,3985.8,4031.63,eod,1.82,0.045,0.108,30.0,2,17,Thu,纽约(17-21),16.81
83,long,2025-10-31 01:15,2025-10-31 01:45,4032.99,4017.74,4017.9,4058.87,sl,-15.25,-0.378,-1.011,30.0,2,1,Fri,亚洲(00-06),15.08
84,long,2025-10-31 07:00,2025-10-31 07:30,4013.3,4013.8,3999.13,4037.61,trail,0.5,0.013,0.036,30.0,2,7,Fri,伦敦(07-11),14.17
85,long,2025-11-05 16:30,2025-11-05 18:15,3981.47,3983.41,3969.5,4001.95,eod,1.95,0.049,0.163,105.0,7,16,Wed,伦/纽重叠(12-16),11.97
86,long,2025-11-05 19:30,2025-11-05 20:00,3984.47,3987.75,3974.67,4001.15,eod,3.28,0.082,0.335,30.0,2,19,Wed,纽约(17-21),9.79
87,long,2025-11-10 17:00,2025-11-10 18:15,4095.26,4104.81,4084.29,4113.85,eod,9.55,0.233,0.87,75.0,5,17,Mon,纽约(17-21),10.97
88,long,2025-11-13 00:30,2025-11-13 01:00,4193.06,4197.84,4181.91,4212.1,trail,4.77,0.114,0.428,30.0,2,0,Thu,亚洲(00-06),11.15
89,short,2025-11-14 08:30,2025-11-14 11:00,4176.81,4152.46,4191.13,4152.46,tp,24.36,0.583,1.701,150.0,10,8,Fri,伦敦(07-11),14.32
90,short,2025-11-17 02:00,2025-11-17 05:15,4091.11,4063.0,4107.42,4063.0,tp,28.1,0.687,1.722,195.0,13,2,Mon,亚洲(00-06),16.32
91,short,2025-11-18 06:45,2025-11-18 08:00,4011.03,4025.2,4025.03,3987.16,sl,-14.16,-0.353,-1.012,75.0,5,6,Tue,亚洲(00-06),14.0
92,long,2025-11-19 08:30,2025-11-19 09:45,4088.18,4107.52,4076.86,4107.52,tp,19.34,0.473,1.71,75.0,5,8,Wed,伦敦(07-11),11.31
93,long,2025-11-19 14:15,2025-11-19 14:30,4117.86,4105.53,4105.7,4138.67,sl,-12.33,-0.299,-1.014,15.0,1,14,Wed,伦/纽重叠(12-16),12.17
94,long,2025-11-25 07:00,2025-11-25 07:30,4141.73,4131.74,4131.91,4158.46,sl,-9.98,-0.241,-1.017,30.0,2,7,Tue,伦敦(07-11),9.82
95,long,2025-12-01 08:00,2025-12-01 11:00,4245.45,4251.59,4233.74,4265.61,trail,6.14,0.145,0.524,180.0,12,8,Mon,伦敦(07-11),11.71
96,long,2025-12-01 13:15,2025-12-01 13:45,4254.52,4254.4,4243.44,4273.37,trail,-0.12,-0.003,-0.01,30.0,2,13,Mon,伦/纽重叠(12-16),11.08
97,short,2025-12-02 08:30,2025-12-02 09:15,4214.35,4197.65,4224.16,4197.65,tp,16.7,0.396,1.701,45.0,3,8,Tue,伦敦(07-11),9.82
98,short,2025-12-02 13:15,2025-12-02 14:00,4204.77,4215.8,4215.63,4186.2,sl,-11.02,-0.262,-1.015,45.0,3,13,Tue,伦/纽重叠(12-16),10.86
99,short,2025-12-02 18:15,2025-12-02 18:45,4192.24,4187.39,4206.23,4168.22,eod,4.85,0.116,0.347,30.0,2,18,Tue,纽约(17-21),13.99
100,short,2025-12-16 02:15,2025-12-16 02:45,4310.59,4293.88,4320.39,4293.88,tp,16.71,0.388,1.704,30.0,2,2,Tue,亚洲(00-06),9.81
101,long,2025-12-17 04:45,2025-12-17 06:00,4329.91,4332.1,4321.08,4344.93,trail,2.19,0.051,0.248,75.0,5,4,Wed,亚洲(00-06),8.84
102,long,2025-12-17 09:00,2025-12-17 10:30,4319.35,4309.32,4309.49,4336.28,sl,-10.02,-0.232,-1.017,90.0,6,9,Wed,伦敦(07-11),9.86
103,long,2025-12-22 08:30,2025-12-22 13:15,4413.61,4420.11,4404.07,4429.78,trail,6.49,0.147,0.68,285.0,19,8,Mon,伦敦(07-11),9.54
104,long,2025-12-22 19:00,2025-12-22 19:30,4435.52,4432.73,4425.48,4452.61,eod,-2.8,-0.063,-0.279,30.0,2,19,Mon,纽约(17-21),10.04
105,long,2025-12-23 05:45,2025-12-23 06:00,4481.39,4471.76,4471.93,4497.51,sl,-9.63,-0.215,-1.017,15.0,1,5,Tue,亚洲(00-06),9.47
106,long,2025-12-23 08:45,2025-12-23 09:00,4492.11,4483.23,4483.4,4506.92,sl,-8.88,-0.198,-1.019,15.0,1,8,Tue,伦敦(07-11),8.72
107,short,2025-12-29 11:45,2025-12-29 13:45,4452.91,4422.87,4470.31,4422.87,tp,30.04,0.675,1.727,120.0,8,11,Mon,伦敦(07-11),17.39
108,short,2025-12-29 19:30,2025-12-29 20:00,4330.57,4337.02,4350.98,4295.04,eod,-6.45,-0.149,-0.316,30.0,2,19,Mon,纽约(17-21),20.41
109,short,2025-12-29 23:30,2025-12-30 00:15,4333.64,4350.65,4350.49,4304.57,sl,-17.02,-0.393,-1.01,45.0,3,23,Mon,悉尼(22-23),16.85
110,long,2025-12-30 14:30,2025-12-30 14:45,4390.86,4371.24,4376.84,4414.62,sl,-19.62,-0.447,-1.399,15.0,1,14,Tue,伦/纽重叠(12-16),14.02
111,long,2026-01-02 11:45,2026-01-02 12:30,4395.23,4386.25,4386.41,4410.22,sl,-8.99,-0.205,-1.019,45.0,3,11,Fri,伦敦(07-11),8.82
112,long,2026-01-06 00:15,2026-01-06 01:00,4440.74,4429.71,4429.87,4459.32,sl,-11.04,-0.249,-1.015,45.0,3,0,Tue,亚洲(00-06),10.87
113,long,2026-01-06 18:00,2026-01-06 18:30,4489.39,4486.36,4477.06,4511.21,eod,-3.04,-0.068,-0.247,30.0,2,18,Tue,纽约(17-21),12.33
114,long,2026-01-07 01:00,2026-01-07 01:15,4492.31,4470.98,4483.47,4506.99,sl,-21.33,-0.475,-2.41,15.0,1,1,Wed,亚洲(00-06),8.85
115,short,2026-01-07 19:45,2026-01-07 20:15,4453.18,4458.55,4466.08,4431.04,eod,-5.37,-0.121,-0.416,30.0,2,19,Wed,纽约(17-21),12.91
116,long,2026-01-09 03:45,2026-01-09 07:15,4464.11,4469.57,4453.89,4481.55,trail,5.45,0.122,0.533,210.0,14,3,Fri,亚洲(00-06),10.22
117,long,2026-01-09 08:15,2026-01-09 08:30,4474.48,4465.77,4465.94,4488.99,sl,-8.71,-0.195,-1.019,15.0,1,8,Fri,伦敦(07-11),8.55
118,long,2026-01-12 07:45,2026-01-12 09:45,4584.03,4589.72,4571.97,4604.7,trail,5.69,0.124,0.471,120.0,8,7,Mon,伦敦(07-11),12.07
119,long,2026-01-19 03:00,2026-01-19 07:00,4662.64,4670.03,4644.32,4694.23,trail,7.39,0.159,0.404,240.0,16,3,Mon,亚洲(00-06),18.31
120,long,2026-01-20 13:45,2026-01-20 14:00,4729.93,4747.66,4719.51,4747.66,tp,17.74,0.375,1.704,15.0,1,13,Tue,伦/纽重叠(12-16),10.41
121,long,2026-01-21 12:00,2026-01-21 14:00,4867.1,4869.28,4851.93,4893.2,trail,2.17,0.045,0.143,120.0,8,12,Wed,伦/纽重叠(12-16),15.17
122,short,2026-01-22 01:15,2026-01-22 05:45,4791.32,4818.98,4818.82,4743.58,sl,-27.66,-0.577,-1.006,270.0,18,1,Thu,亚洲(00-06),27.49
123,long,2026-01-23 04:30,2026-01-23 08:15,4953.31,4938.45,4938.62,4978.55,sl,-14.85,-0.3,-1.011,225.0,15,4,Fri,亚洲(00-06),14.69
124,long,2026-01-23 12:15,2026-01-23 14:30,4934.14,4934.06,4918.49,4961.08,trail,-0.08,-0.002,-0.005,135.0,9,12,Fri,伦/纽重叠(12-16),15.65
125,long,2026-01-26 05:00,2026-01-26 05:15,5070.51,5052.41,5052.48,5101.6,sl,-18.1,-0.357,-1.004,15.0,1,5,Mon,亚洲(00-06),18.03
126,long,2026-01-27 18:15,2026-01-27 18:45,5081.93,5088.15,5061.72,5116.78,eod,6.23,0.123,0.308,30.0,2,18,Tue,纽约(17-21),20.21
127,long,2026-01-28 14:45,2026-01-28 15:00,5279.45,5255.01,5255.17,5321.44,sl,-24.45,-0.463,-1.007,15.0,1,14,Wed,伦/纽重叠(12-16),24.28
128,short,2026-01-30 11:45,2026-01-30 13:45,5120.98,4996.57,5192.28,4996.57,tp,124.41,2.429,1.745,120.0,8,11,Fri,伦敦(07-11),71.3
129,long,2026-02-03 04:45,2026-02-03 07:30,4820.82,4908.43,4770.47,4908.43,tp,87.61,1.817,1.74,165.0,11,4,Tue,亚洲(00-06),50.35
130,long,2026-02-03 14:30,2026-02-03 16:30,4925.06,4984.56,4890.78,4984.56,tp,59.51,1.208,1.736,120.0,8,14,Tue,伦/纽重叠(12-16),34.28
131,long,2026-02-04 02:00,2026-02-04 06:00,5046.69,5063.92,5002.4,5123.94,trail,17.24,0.342,0.389,240.0,16,2,Wed,亚洲(00-06),44.28
132,long,2026-02-04 10:45,2026-02-04 11:15,5060.09,5033.26,5033.43,5106.29,sl,-26.82,-0.53,-1.006,30.0,2,10,Wed,伦敦(07-11),26.66
133,short,2026-02-05 11:45,2026-02-05 12:30,4871.53,4867.94,4911.9,4801.89,trail,3.6,0.074,0.089,45.0,3,11,Thu,伦敦(07-11),40.37
134,long,2026-02-09 14:00,2026-02-09 15:30,5007.27,5046.21,4984.78,5046.21,tp,38.93,0.778,1.731,90.0,6,14,Mon,伦/纽重叠(12-16),22.49
135,short,2026-02-17 23:30,2026-02-18 00:30,4877.73,4873.25,4897.24,4844.03,trail,4.47,0.092,0.229,60.0,4,23,Tue,悉尼(22-23),19.52
136,long,2026-02-19 01:15,2026-02-19 05:00,4966.06,4990.48,4951.85,4990.48,tp,24.42,0.492,1.718,225.0,15,1,Thu,亚洲(00-06),14.21
137,long,2026-02-19 09:45,2026-02-19 10:00,5003.6,4991.19,4991.36,5024.86,sl,-12.4,-0.248,-1.013,15.0,1,9,Thu,伦敦(07-11),12.24
138,long,2026-02-23 14:15,2026-02-23 14:30,5157.22,5182.42,5142.49,5182.42,tp,25.21,0.489,1.712,15.0,1,14,Mon,伦/纽重叠(12-16),14.73
139,short,2026-02-25 00:45,2026-02-25 01:00,5147.1,5165.36,5165.19,5116.04,sl,-18.26,-0.355,-1.009,15.0,1,0,Wed,亚洲(00-06),18.1
140,long,2026-02-25 14:30,2026-02-25 15:00,5177.91,5200.34,5165.02,5200.34,tp,22.42,0.433,1.738,30.0,2,14,Wed,伦/纽重叠(12-16),12.9
141,long,2026-02-25 19:15,2026-02-25 19:45,5207.32,5204.3,5194.15,5230.2,eod,-3.02,-0.058,-0.23,30.0,2,19,Wed,纽约(17-21),13.17
142,long,2026-03-02 05:30,2026-03-02 07:00,5351.02,5391.95,5327.38,5391.95,tp,40.93,0.765,1.731,90.0,6,5,Mon,亚洲(00-06),23.65
143,short,2026-03-05 19:30,2026-03-05 20:00,5066.89,5066.1,5094.23,5019.54,eod,0.78,0.015,0.029,30.0,2,19,Thu,纽约(17-21),27.34
144,short,2026-03-09 12:15,2026-03-09 14:30,5096.22,5087.65,5117.19,5059.96,trail,8.56,0.168,0.408,135.0,9,12,Mon,伦/纽重叠(12-16),20.97
145,short,2026-03-09 17:15,2026-03-09 17:45,5099.64,5091.16,5121.66,5061.54,eod,8.47,0.166,0.385,30.0,2,17,Mon,纽约(17-21),22.03
146,long,2026-03-10 00:45,2026-03-10 01:45,5137.74,5171.44,5118.23,5171.44,tp,33.7,0.656,1.727,60.0,4,0,Tue,亚洲(00-06),19.52
147,long,2026-03-10 04:15,2026-03-10 07:15,5164.59,5169.96,5144.77,5198.8,trail,5.38,0.104,0.272,180.0,12,4,Tue,亚洲(00-06),19.81
148,long,2026-03-10 07:45,2026-03-10 10:00,5176.41,5180.29,5160.85,5203.16,trail,3.87,0.075,0.249,135.0,9,7,Tue,伦敦(07-11),15.56
149,long,2026-03-10 12:30,2026-03-10 13:15,5179.88,5208.38,5163.33,5208.38,tp,28.5,0.55,1.723,45.0,3,12,Tue,伦/纽重叠(12-16),16.55
150,long,2026-03-11 00:00,2026-03-11 02:00,5197.48,5204.45,5181.11,5225.68,trail,6.97,0.134,0.426,120.0,8,0,Wed,亚洲(00-06),16.37
151,short,2026-03-11 22:15,2026-03-11 22:30,5174.98,5153.78,5187.36,5153.78,tp,21.21,0.41,1.713,15.0,1,22,Wed,悉尼(22-23),12.38
152,short,2026-03-12 02:30,2026-03-12 05:15,5167.99,5138.23,5185.26,5138.23,tp,29.76,0.576,1.724,165.0,11,2,Thu,亚洲(00-06),17.27
153,short,2026-03-13 10:30,2026-03-13 11:45,5089.22,5104.81,5104.65,5062.66,sl,-15.6,-0.307,-1.011,75.0,5,10,Fri,伦敦(07-11),15.43
154,short,2026-03-18 23:45,2026-03-19 01:30,4833.98,4857.0,4856.84,4794.36,sl,-23.02,-0.476,-1.007,105.0,7,23,Wed,悉尼(22-23),22.85
155,short,2026-03-20 18:15,2026-03-20 18:45,4563.07,4526.18,4597.46,4503.21,eod,36.9,0.809,1.073,30.0,2,18,Fri,纽约(17-21),34.39
156,short,2026-03-22 22:45,2026-03-23 00:00,4506.77,4440.63,4544.82,4440.63,tp,66.14,1.468,1.738,75.0,5,22,Sun,悉尼(22-23),38.05
157,short,2026-03-23 05:30,2026-03-23 06:00,4356.23,4280.62,4399.71,4280.62,tp,75.62,1.736,1.74,30.0,2,5,Mon,亚洲(00-06),43.47
158,long,2026-03-24 08:00,2026-03-24 11:00,4417.48,4417.35,4377.49,4486.93,trail,-0.13,-0.003,-0.003,180.0,12,8,Tue,伦敦(07-11),39.99
159,long,2026-03-24 23:00,2026-03-24 23:30,4484.81,4541.57,4452.17,4541.57,tp,56.76,1.266,1.739,30.0,2,23,Tue,悉尼(22-23),32.63
160,long,2026-03-25 12:45,2026-03-25 13:45,4547.6,4551.88,4523.63,4589.27,trail,4.28,0.094,0.179,60.0,4,12,Wed,伦/纽重叠(12-16),23.96
161,short,2026-03-26 03:30,2026-03-26 05:45,4506.55,4467.59,4529.06,4467.59,tp,38.95,0.864,1.73,135.0,9,3,Thu,亚洲(00-06),22.52
162,short,2026-03-26 11:45,2026-03-26 14:15,4440.59,4466.24,4466.07,4396.43,sl,-25.65,-0.578,-1.006,150.0,10,11,Thu,伦敦(07-11),25.49
163,short,2026-03-26 17:30,2026-03-26 18:00,4383.24,4381.6,4414.05,4329.15,eod,1.64,0.037,0.053,30.0,2,17,Thu,纽约(17-21),30.81
164,long,2026-03-31 01:15,2026-03-31 01:30,4544.23,4586.2,4520.0,4586.2,tp,41.97,0.923,1.731,15.0,1,1,Tue,亚洲(00-06),24.24
165,long,2026-03-31 13:15,2026-03-31 14:00,4581.68,4621.47,4558.66,4621.47,tp,39.8,0.869,1.729,45.0,3,13,Tue,伦/纽重叠(12-16),23.02
166,long,2026-04-01 01:30,2026-04-01 02:30,4708.35,4682.9,4683.07,4752.24,sl,-25.45,-0.54,-1.007,60.0,4,1,Wed,亚洲(00-06),25.28
167,long,2026-04-01 10:30,2026-04-01 12:00,4728.7,4747.52,4708.18,4763.93,trail,18.82,0.398,0.917,90.0,6,10,Wed,伦敦(07-11),20.53
168,long,2026-04-01 14:15,2026-04-01 15:30,4744.61,4786.01,4720.7,4786.01,tp,41.39,0.872,1.731,75.0,5,14,Wed,伦/纽重叠(12-16),23.91
169,long,2026-04-02 00:15,2026-04-02 01:00,4792.8,4773.48,4773.64,4825.86,sl,-19.32,-0.403,-1.009,45.0,3,0,Thu,亚洲(00-06),19.15
170,short,2026-04-05 22:15,2026-04-06 00:00,4630.02,4625.96,4655.91,4585.51,trail,4.06,0.088,0.157,105.0,7,22,Sun,悉尼(22-23),25.89
171,short,2026-04-08 23:15,2026-04-09 01:45,4708.44,4728.23,4728.07,4674.53,sl,-19.8,-0.42,-1.008,150.0,10,23,Wed,悉尼(22-23),19.63
172,short,2026-04-09 03:00,2026-04-09 10:15,4718.98,4727.61,4738.01,4686.13,trail,-8.64,-0.183,-0.454,435.0,29,3,Thu,亚洲(00-06),19.03
173,long,2026-04-10 01:15,2026-04-10 01:45,4760.91,4762.5,4747.65,4783.68,trail,1.58,0.033,0.119,30.0,2,1,Fri,亚洲(00-06),13.27
174,long,2026-04-10 05:45,2026-04-10 06:15,4765.14,4752.58,4752.75,4786.36,sl,-12.55,-0.263,-1.013,30.0,2,5,Fri,亚洲(00-06),12.39
175,short,2026-04-13 10:30,2026-04-13 11:00,4712.35,4726.07,4725.91,4689.06,sl,-13.73,-0.291,-1.012,30.0,2,10,Mon,伦敦(07-11),13.56
176,long,2026-04-14 02:45,2026-04-14 05:30,4772.55,4759.08,4759.24,4795.37,sl,-13.47,-0.282,-1.012,165.0,11,2,Tue,亚洲(00-06),13.3
177,long,2026-04-14 06:15,2026-04-14 07:00,4766.07,4785.76,4754.6,4785.76,tp,19.69,0.413,1.715,45.0,3,6,Tue,亚洲(00-06),11.48
178,long,2026-04-14 10:15,2026-04-14 10:30,4782.52,4769.17,4769.34,4805.15,sl,-13.35,-0.279,-1.013,15.0,1,10,Tue,伦敦(07-11),13.19
179,long,2026-04-14 19:00,2026-04-14 19:30,4835.95,4840.65,4820.43,4862.39,eod,4.69,0.097,0.302,30.0,2,19,Tue,纽约(17-21),15.52
180,long,2026-04-14 22:15,2026-04-15 00:00,4844.91,4832.69,4832.86,4865.56,sl,-12.22,-0.252,-1.014,105.0,7,22,Tue,悉尼(22-23),12.06
181,long,2026-04-15 01:00,2026-04-15 01:15,4835.73,4856.1,4823.84,4856.1,tp,20.36,0.421,1.712,15.0,1,1,Wed,亚洲(00-06),11.9
182,long,2026-04-15 03:30,2026-04-15 07:00,4826.7,4811.05,4811.21,4853.36,sl,-15.66,-0.324,-1.011,210.0,14,3,Wed,亚洲(00-06),15.49
183,short,2026-04-20 10:00,2026-04-20 11:45,4791.34,4803.45,4803.29,4770.9,sl,-12.12,-0.253,-1.014,105.0,7,10,Mon,伦敦(07-11),11.95
184,short,2026-04-23 07:00,2026-04-23 10:00,4712.82,4689.49,4726.42,4689.49,tp,23.34,0.495,1.717,180.0,12,7,Thu,伦敦(07-11),13.6
185,short,2026-04-24 06:15,2026-04-24 07:00,4681.65,4681.08,4695.19,4658.43,trail,0.57,0.012,0.042,45.0,3,6,Fri,亚洲(00-06),13.53
186,short,2026-04-28 01:45,2026-04-28 02:00,4687.24,4670.9,4695.08,4673.99,tp,16.34,0.349,2.086,15.0,1,1,Tue,亚洲(00-06),7.83
187,short,2026-04-29 22:45,2026-04-30 00:00,4548.34,4563.68,4563.52,4522.22,sl,-15.35,-0.337,-1.011,75.0,5,22,Wed,悉尼(22-23),15.18
188,long,2026-04-30 13:00,2026-04-30 13:30,4639.77,4623.78,4623.95,4666.99,sl,-15.98,-0.344,-1.01,30.0,2,13,Thu,伦/纽重叠(12-16),15.82
189,long,2026-05-01 01:45,2026-05-01 02:30,4620.34,4624.11,4610.81,4636.55,trail,3.78,0.082,0.397,45.0,3,1,Fri,亚洲(00-06),9.52
190,short,2026-05-04 13:00,2026-05-04 15:15,4568.3,4539.88,4584.79,4539.88,tp,28.42,0.622,1.722,135.0,9,13,Mon,伦/纽重叠(12-16),16.5
191,long,2026-05-07 02:45,2026-05-07 06:30,4704.38,4728.05,4690.59,4728.05,tp,23.67,0.503,1.717,225.0,15,2,Thu,亚洲(00-06),13.79
192,short,2026-05-11 08:30,2026-05-11 10:15,4671.27,4665.67,4685.59,4647.5,trail,5.6,0.12,0.391,105.0,7,8,Mon,伦敦(07-11),14.32
193,long,2026-05-12 02:45,2026-05-12 04:45,4732.02,4717.01,4717.18,4757.56,sl,-15.01,-0.317,-1.011,120.0,8,2,Tue,亚洲(00-06),14.85
194,short,2026-05-15 04:30,2026-05-15 05:15,4610.68,4582.91,4626.8,4582.91,tp,27.76,0.602,1.722,45.0,3,4,Fri,亚洲(00-06),16.12
195,short,2026-05-15 11:30,2026-05-15 12:15,4562.31,4558.23,4581.63,4528.94,trail,4.08,0.089,0.211,45.0,3,11,Fri,伦敦(07-11),19.33
196,short,2026-05-19 17:30,2026-05-19 18:00,4506.82,4500.98,4524.81,4475.77,eod,5.84,0.13,0.325,30.0,2,17,Tue,纽约(17-21),17.99
197,short,2026-05-20 01:00,2026-05-20 01:15,4500.8,4478.05,4514.07,4478.05,tp,22.74,0.505,1.714,15.0,1,1,Wed,亚洲(00-06),13.27
198,short,2026-05-20 03:45,2026-05-20 05:30,4460.55,4478.71,4478.55,4429.49,sl,-18.17,-0.407,-1.009,105.0,7,3,Wed,亚洲(00-06),18.0
199,long,2026-05-21 04:15,2026-05-21 05:15,4536.39,4523.42,4523.58,4558.36,sl,-12.98,-0.286,-1.013,60.0,4,4,Thu,亚洲(00-06),12.81
200,short,2026-05-26 16:45,2026-05-26 17:15,4506.36,4503.89,4519.59,4483.65,eod,2.46,0.055,0.186,30.0,2,16,Tue,伦/纽重叠(12-16),13.23
201,short,2026-05-28 10:45,2026-05-28 12:45,4389.02,4403.34,4403.18,4364.69,sl,-14.33,-0.326,-1.012,120.0,8,10,Thu,伦敦(07-11),14.16
202,long,2026-05-29 06:00,2026-05-29 07:15,4515.14,4515.63,4504.38,4533.51,trail,0.49,0.011,0.046,75.0,5,6,Fri,亚洲(00-06),10.76
203,short,2026-06-01 09:30,2026-06-01 10:45,4496.31,4508.35,4508.18,4476.0,sl,-12.04,-0.268,-1.014,75.0,5,9,Mon,伦敦(07-11),11.88
204,short,2026-06-01 13:00,2026-06-01 13:15,4502.05,4481.31,4514.15,4481.31,tp,20.74,0.461,1.713,15.0,1,13,Mon,伦/纽重叠(12-16),12.11
205,short,2026-06-01 23:45,2026-06-02 00:15,4483.31,4492.3,4492.14,4468.3,sl,-9.0,-0.201,-1.019,30.0,2,23,Mon,悉尼(22-23),8.83
206,long,2026-06-02 09:15,2026-06-02 09:30,4534.14,4522.91,4523.07,4553.07,sl,-11.24,-0.248,-1.015,15.0,1,9,Tue,伦敦(07-11),11.07
207,long,2026-06-02 12:30,2026-06-02 12:45,4529.52,4519.88,4520.04,4545.64,sl,-9.64,-0.213,-1.017,15.0,1,12,Tue,伦/纽重叠(12-16),9.47
208,short,2026-06-03 04:30,2026-06-03 05:45,4476.8,4457.62,4488.26,4457.62,tp,19.17,0.428,1.672,75.0,5,4,Wed,亚洲(00-06),11.47
209,short,2026-06-03 11:45,2026-06-03 13:30,4460.11,4434.14,4475.22,4434.14,tp,25.98,0.582,1.72,105.0,7,11,Wed,伦敦(07-11),15.1
210,long,2026-06-04 19:00,2026-06-04 19:30,4478.32,4479.98,4467.11,4497.51,eod,1.66,0.037,0.148,30.0,2,19,Thu,纽约(17-21),11.22
211,short,2026-06-07 22:30,2026-06-07 23:15,4316.56,4334.6,4334.57,4285.49,sl,-18.05,-0.418,-1.002,45.0,3,22,Sun,悉尼(22-23),18.01
212,short,2026-06-08 04:45,2026-06-08 05:30,4307.77,4279.76,4323.82,4279.76,tp,28.01,0.65,1.745,45.0,3,4,Mon,亚洲(00-06),16.05
213,short,2026-06-08 07:45,2026-06-08 09:30,4301.64,4290.93,4320.78,4268.56,trail,10.7,0.249,0.559,105.0,7,7,Mon,伦敦(07-11),19.14
214,short,2026-06-10 11:15,2026-06-10 12:00,4168.4,4136.62,4186.87,4136.62,tp,31.78,0.762,1.721,45.0,3,11,Wed,伦敦(07-11),18.47
215,short,2026-06-10 17:15,2026-06-10 17:45,4117.88,4102.52,4141.94,4076.27,eod,15.36,0.373,0.638,30.0,2,17,Wed,纽约(17-21),24.07
216,short,2026-06-11 10:30,2026-06-11 12:30,4087.53,4059.93,4103.57,4059.93,tp,27.6,0.675,1.722,120.0,8,10,Thu,伦敦(07-11),16.03
217,long,2026-06-12 00:30,2026-06-12 01:00,4220.59,4197.26,4197.43,4260.66,sl,-23.32,-0.553,-1.007,30.0,2,0,Fri,亚洲(00-06),23.16
218,long,2026-06-12 11:45,2026-06-12 12:30,4209.88,4193.4,4193.57,4237.96,sl,-16.47,-0.391,-1.01,45.0,3,11,Fri,伦敦(07-11),16.31
219,long,2026-06-15 12:30,2026-06-15 13:30,4337.77,4357.69,4326.01,4357.69,tp,19.92,0.459,1.695,60.0,4,12,Mon,伦/纽重叠(12-16),11.75
220,short,2026-06-18 05:45,2026-06-18 07:00,4310.4,4308.99,4326.03,4283.51,trail,1.41,0.033,0.09,75.0,5,5,Thu,亚洲(00-06),15.63
221,short,2026-06-18 14:00,2026-06-18 15:30,4256.47,4227.35,4273.36,4227.35,tp,29.12,0.684,1.723,90.0,6,14,Thu,伦/纽重叠(12-16),16.9
222,short,2026-06-18 18:15,2026-06-18 18:45,4228.26,4225.05,4243.36,4202.24,eod,3.21,0.076,0.212,30.0,2,18,Thu,纽约(17-21),15.11
223,long,2026-06-22 07:30,2026-06-22 10:45,4197.84,4205.59,4185.63,4218.75,trail,7.75,0.185,0.635,195.0,13,7,Mon,伦敦(07-11),12.21
224,long,2026-06-22 12:00,2026-06-22 12:45,4207.65,4196.73,4196.89,4226.03,sl,-10.93,-0.26,-1.015,45.0,3,12,Mon,伦/纽重叠(12-16),10.76
225,short,2026-06-24 09:30,2026-06-24 11:15,4069.2,4043.92,4083.91,4043.92,tp,25.29,0.621,1.719,105.0,7,9,Wed,伦敦(07-11),14.71
226,short,2026-06-24 18:45,2026-06-24 19:15,3983.3,3976.59,4006.67,3942.95,eod,6.71,0.168,0.287,30.0,2,18,Wed,纽约(17-21),23.38
227,short,2026-06-25 01:15,2026-06-25 02:15,3986.64,3982.22,4006.31,3952.63,trail,4.42,0.111,0.225,60.0,4,1,Thu,亚洲(00-06),19.67
228,short,2026-06-25 03:15,2026-06-25 03:45,3970.51,3993.28,3993.11,3931.42,sl,-22.76,-0.573,-1.007,30.0,2,3,Thu,亚洲(00-06),22.6
229,short,2026-06-25 05:30,2026-06-25 07:15,3994.16,3989.85,4013.88,3959.9,trail,4.31,0.108,0.218,105.0,7,5,Thu,亚洲(00-06),19.72
230,short,2026-06-25 07:45,2026-06-25 08:00,3974.45,3993.6,3993.43,3941.67,sl,-19.15,-0.482,-1.009,15.0,1,7,Thu,伦敦(07-11),18.99
231,short,2026-06-25 09:45,2026-06-25 11:45,3988.3,3986.56,4005.99,3957.77,trail,1.73,0.043,0.098,120.0,8,9,Thu,伦敦(07-11),17.7
232,long,2026-06-26 18:15,2026-06-26 18:45,4077.01,4072.43,4063.11,4100.89,eod,-4.58,-0.112,-0.329,30.0,2,18,Fri,纽约(17-21),13.9
233,short,2026-06-29 12:30,2026-06-29 14:00,4038.18,4013.75,4052.39,4013.75,tp,24.43,0.605,1.718,90.0,6,12,Mon,伦/纽重叠(12-16),14.22
234,short,2026-07-01 06:00,2026-07-01 07:15,3973.85,3969.52,3984.59,3955.49,trail,4.33,0.109,0.402,75.0,5,6,Wed,亚洲(00-06),10.75
235,short,2026-07-01 10:15,2026-07-01 10:45,3984.26,3995.3,3995.13,3965.2,sl,-11.04,-0.277,-1.015,30.0,2,10,Wed,伦敦(07-11),10.88
236,long,2026-07-02 02:00,2026-07-02 04:30,4050.36,4061.53,4035.69,4075.6,trail,11.17,0.276,0.761,150.0,10,2,Thu,亚洲(00-06),14.68
237,long,2026-07-02 07:45,2026-07-02 11:00,4074.74,4060.78,4060.95,4098.41,sl,-13.95,-0.342,-1.012,195.0,13,7,Thu,伦敦(07-11),13.79
238,long,2026-07-03 05:00,2026-07-03 06:00,4179.02,4167.11,4167.28,4199.13,sl,-11.91,-0.285,-1.014,60.0,4,5,Fri,亚洲(00-06),11.75
239,long,2026-07-03 07:30,2026-07-03 08:45,4175.57,4176.93,4164.07,4195.2,trail,1.36,0.032,0.118,75.0,5,7,Fri,伦敦(07-11),11.5
240,long,2026-07-03 10:15,2026-07-03 13:00,4179.98,4169.05,4169.21,4198.36,sl,-10.93,-0.261,-1.015,165.0,11,10,Fri,伦敦(07-11),10.76
241,long,2026-07-03 16:30,2026-07-05 22:00,4166.94,4183.9,4157.96,4182.19,tp,16.97,0.407,1.891,3210.0,214,16,Fri,伦/纽重叠(12-16),8.97
242,short,2026-07-08 23:00,2026-07-09 00:15,4076.41,4088.92,4088.75,4055.28,sl,-12.5,-0.307,-1.013,75.0,5,23,Wed,悉尼(22-23),12.34
243,short,2026-07-09 01:00,2026-07-09 05:00,4073.62,4065.76,4085.93,4053.23,trail,7.86,0.193,0.639,240.0,16,1,Thu,亚洲(00-06),12.3
244,long,2026-07-09 11:15,2026-07-09 13:15,4105.15,4123.47,4094.43,4123.47,tp,18.32,0.446,1.708,120.0,8,11,Thu,伦敦(07-11),10.73
245,long,2026-07-09 14:30,2026-07-09 17:15,4124.99,4125.74,4110.54,4149.75,trail,0.74,0.018,0.051,165.0,11,14,Thu,伦/纽重叠(12-16),14.45
246,long,2026-07-10 00:45,2026-07-10 01:30,4123.32,4115.74,4115.9,4135.86,sl,-7.59,-0.184,-1.022,45.0,3,0,Fri,亚洲(00-06),7.42
247,short,2026-07-13 05:30,2026-07-13 08:00,4058.07,4072.52,4072.36,4033.59,sl,-14.45,-0.356,-1.012,150.0,10,5,Mon,亚洲(00-06),14.28
248,short,2026-07-13 13:15,2026-07-13 14:00,4061.76,4040.87,4073.95,4040.87,tp,20.89,0.514,1.715,45.0,3,13,Mon,伦/纽重叠(12-16),12.18
249,short,2026-07-14 01:15,2026-07-14 01:45,3995.16,4007.62,4007.46,3974.05,sl,-12.46,-0.312,-1.013,30.0,2,1,Tue,亚洲(00-06),12.29
250,short,2026-07-14 07:45,2026-07-14 09:00,4023.57,4022.45,4033.41,4006.79,trail,1.11,0.028,0.113,75.0,5,7,Tue,伦敦(07-11),9.84
251,long,2026-07-14 23:30,2026-07-15 01:30,4054.11,4044.12,4044.28,4070.89,sl,-10.0,-0.247,-1.017,120.0,8,23,Tue,悉尼(22-23),9.83
252,short,2026-07-16 12:15,2026-07-16 12:30,4031.66,4013.59,4042.24,4013.59,tp,18.06,0.448,1.707,15.0,1,12,Thu,伦/纽重叠(12-16),10.58
253,short,2026-07-17 08:15,2026-07-17 12:30,3993.12,3972.46,4005.17,3972.46,tp,20.65,0.517,1.712,255.0,17,8,Fri,伦敦(07-11),12.06
254,long,2026-07-21 10:00,2026-07-21 11:00,4066.13,4056.31,4056.48,4082.59,sl,-9.82,-0.242,-1.017,60.0,4,10,Tue,伦敦(07-11),9.66
255,long,2026-07-21 14:00,2026-07-21 14:30,4053.3,4073.12,4041.83,4073.12,tp,19.82,0.489,1.727,30.0,2,14,Tue,伦/纽重叠(12-16),11.47
256,long,2026-07-21 17:30,2026-07-21 18:00,4072.34,4068.53,4062.56,4089.31,eod,-3.81,-0.093,-0.389,30.0,2,17,Tue,纽约(17-21),9.78
257,long,2026-07-21 22:30,2026-07-22 00:15,4082.99,4096.44,4075.05,4096.44,tp,13.45,0.329,1.693,105.0,7,22,Tue,悉尼(22-23),7.94
258,long,2026-07-22 05:15,2026-07-22 06:15,4128.73,4119.42,4119.59,4144.26,sl,-9.3,-0.225,-1.018,60.0,4,5,Wed,亚洲(00-06),9.14
259,long,2026-07-22 07:15,2026-07-22 12:30,4116.68,4126.22,4106.24,4134.51,trail,9.55,0.232,0.915,315.0,21,7,Wed,伦敦(07-11),10.43
260,long,2026-07-22 17:30,2026-07-22 18:00,4146.28,4142.23,4134.76,4166.0,eod,-4.06,-0.098,-0.352,30.0,2,17,Wed,纽约(17-21),11.53
261,short,2026-07-23 11:15,2026-07-23 11:45,4087.61,4086.2,4098.11,4069.68,trail,1.41,0.034,0.134,30.0,2,11,Thu,伦敦(07-11),10.5
262,short,2026-07-23 17:15,2026-07-23 17:45,4047.2,4043.05,4059.93,4025.2,eod,4.16,0.103,0.327,30.0,2,17,Thu,纽约(17-21),12.72
263,short,2026-07-24 04:45,2026-07-24 06:15,4026.78,4035.53,4035.36,4012.23,sl,-8.74,-0.217,-1.019,90.0,6,4,Fri,亚洲(00-06),8.58
264,long,2026-07-26 23:30,2026-07-27 00:00,4085.01,4104.05,4073.88,4104.05,tp,19.03,0.466,1.709,30.0,2,23,Sun,悉尼(22-23),11.14
265,short,2026-07-28 05:00,2026-07-28 06:30,4042.03,4050.46,4050.29,4028.04,sl,-8.42,-0.208,-1.02,90.0,6,5,Tue,亚洲(00-06),8.26
266,short,2026-07-28 08:15,2026-07-28 09:30,4044.26,4030.25,4052.52,4030.25,tp,14.01,0.346,1.697,75.0,5,8,Tue,伦敦(07-11),8.26
267,short,2026-07-28 13:30,2026-07-28 15:15,4028.78,4039.58,4039.41,4010.64,sl,-10.79,-0.268,-1.016,105.0,7,13,Tue,伦/纽重叠(12-16),10.63
268,short,2026-07-28 18:30,2026-07-28 19:00,4026.99,4023.14,4037.18,4009.77,eod,3.85,0.096,0.378,30.0,2,18,Tue,纽约(17-21),10.18
269,short,2026-07-31 11:45,2026-07-31 13:00,4051.93,4036.43,4061.05,4036.43,tp,15.5,0.383,1.7,75.0,5,11,Fri,伦敦(07-11),9.12
270,long,2026-08-05 08:45,2026-08-05 09:45,4166.41,4153.59,4153.75,4188.14,sl,-12.82,-0.308,-1.013,60.0,4,8,Wed,伦敦(07-11),12.66
271,long,2026-08-05 17:30,2026-08-05 18:00,4245.01,4250.14,4227.14,4275.79,eod,5.13,0.121,0.287,30.0,2,17,Wed,纽约(17-21),17.87
272,long,2026-08-06 02:15,2026-08-06 02:45,4295.38,4276.04,4276.21,4328.46,sl,-19.33,-0.45,-1.009,30.0,2,2,Thu,亚洲(00-06),19.17
273,long,2026-08-06 08:00,2026-08-06 09:30,4262.89,4274.48,4248.64,4287.39,trail,11.59,0.272,0.813,90.0,6,8,Thu,伦敦(07-11),14.26
274,long,2026-08-06 12:00,2026-08-06 12:45,4263.53,4251.15,4251.32,4284.46,sl,-12.38,-0.29,-1.014,45.0,3,12,Thu,伦/纽重叠(12-16),12.22
275,short,2026-08-07 00:30,2026-08-07 01:00,4243.85,4240.74,4254.81,4224.84,trail,3.11,0.073,0.284,30.0,2,0,Fri,亚洲(00-06),10.96
276,long,2026-08-10 00:15,2026-08-10 00:45,4344.51,4331.0,4331.17,4367.37,sl,-13.5,-0.311,-1.012,30.0,2,0,Mon,亚洲(00-06),13.34
277,long,2026-08-12 12:30,2026-08-12 13:15,4427.11,4415.45,4415.62,4446.65,sl,-11.66,-0.263,-1.014,45.0,3,12,Wed,伦/纽重叠(12-16),11.5
278,short,2026-08-13 17:30,2026-08-13 18:00,4363.01,4356.15,4377.91,4337.37,eod,6.85,0.157,0.46,30.0,2,17,Thu,纽约(17-21),14.91
279,short,2026-08-13 23:45,2026-08-14 00:15,4360.19,4342.29,4370.53,4342.29,tp,17.91,0.411,1.733,30.0,2,23,Thu,悉尼(22-23),10.34
280,long,2026-08-16 23:30,2026-08-17 00:30,4374.98,4391.03,4365.54,4391.03,tp,16.06,0.367,1.702,60.0,4,23,Sun,悉尼(22-23),9.43
281,long,2026-08-17 03:00,2026-08-17 08:00,4393.34,4401.89,4381.3,4413.94,trail,8.55,0.195,0.711,300.0,20,3,Mon,亚洲(00-06),12.03
282,short,2026-08-19 09:00,2026-08-19 10:15,4355.45,4367.28,4367.11,4335.51,sl,-11.82,-0.271,-1.014,75.0,5,9,Wed,伦敦(07-11),11.66
283,long,2026-08-19 18:45,2026-08-19 19:15,4490.61,4503.14,4473.47,4520.0,eod,12.52,0.279,0.73,30.0,2,18,Wed,纽约(17-21),17.15
284,long,2026-08-20 07:45,2026-08-20 11:30,4491.44,4480.5,4480.67,4509.82,sl,-10.94,-0.244,-1.015,225.0,15,7,Thu,伦敦(07-11),10.78
285,long,2026-08-21 01:15,2026-08-21 01:30,4520.9,4540.61,4509.38,4540.61,tp,19.71,0.436,1.711,15.0,1,1,Fri,亚洲(00-06),11.52
286,long,2026-08-21 13:45,2026-08-21 14:30,4588.09,4591.4,4571.7,4616.44,trail,3.32,0.072,0.202,45.0,3,13,Fri,伦/纽重叠(12-16),16.39
287,long,2026-08-23 22:15,2026-08-23 23:00,4617.65,4604.76,4604.93,4639.44,sl,-12.89,-0.279,-1.013,45.0,3,22,Sun,悉尼(22-23),12.73
288,long,2026-08-24 06:00,2026-08-24 11:30,4641.01,4669.91,4624.2,4669.91,tp,28.9,0.623,1.72,330.0,22,6,Mon,亚洲(00-06),16.81
289,short,2026-08-26 17:45,2026-08-26 18:15,4597.03,4600.35,4612.06,4571.19,eod,-3.32,-0.072,-0.221,30.0,2,17,Wed,纽约(17-21),15.03
