dt,price,side,kind,reason,stop,target,r_mult
2025-07-07 19:00:00,3320.725,short,open,,3324.39259342819,3314.9425,1.2
2025-07-07 19:15:00,3324.55759342819,short,close,manual,3324.39259342819,3314.9425,1.2
2025-07-15 15:45:00,3351.715,long,open,,3344.7445023675255,3357.865,1.2
2025-07-15 16:15:00,3358.850497632475,long,close,manual,3344.7445023675255,3357.865,1.2
2025-07-18 01:15:00,3339.6350000000007,short,open,,3343.0849409051675,3338.0150000000003,1.2
2025-07-18 01:30:00,3343.15,short,close,manual,3343.0849409051675,3338.0150000000003,1.2
2025-07-23 16:45:00,3412.605,long,open,,3403.436557093585,3421.02,1.2
2025-07-23 17:15:00,3408.735,long,close,eod,3403.436557093585,3421.02,1.2
2025-07-28 07:15:00,3342.1150000000002,short,open,,3346.033217868486,3337.9475,1.2
2025-07-28 09:30:00,3337.9475,short,close,tp,3346.033217868486,3337.9475,1.2
2025-08-15 07:00:00,3343.37,short,open,,3346.1128202028926,3340.8525,1.2
2025-08-15 07:15:00,3346.22,short,close,manual,3346.1128202028926,3340.8525,1.2
2025-08-19 06:30:00,3340.8650000000002,short,open,,3343.2365726743324,3337.355,1.2
2025-08-19 06:45:00,3337.355,short,close,tp,3343.2365726743324,3337.355,1.2
2025-08-20 09:30:00,3323.335,short,open,,3327.262983181527,3321.0425,1.2
2025-08-20 10:15:00,3327.427983181527,short,close,manual,3327.262983181527,3321.0425,1.2
2025-08-20 10:30:00,3324.3949999999995,short,open,,3328.86094108308,3321.6775000000002,1.2
2025-08-20 11:15:00,3321.6775000000002,short,close,tp,3328.86094108308,3321.6775000000002,1.2
2025-08-20 13:45:00,3326.9150000000004,short,open,,3329.166487212597,3324.9775,1.2
2025-08-20 14:15:00,3329.331487212597,short,close,manual,3329.166487212597,3324.9775,1.2
2025-08-20 14:45:00,3328.9699999999993,short,open,,3332.867939824005,3326.9125,1.2
2025-08-20 15:00:00,3333.032939824005,short,close,manual,3332.867939824005,3326.9125,1.2
2025-08-21 14:15:00,3329.685,long,open,,3323.669948276287,3334.88,1.2
2025-08-21 15:00:00,3324.49,long,close,manual,3323.669948276287,3334.88,1.2
2025-08-28 05:15:00,3386.555,long,open,,3383.2753929583664,3392.4049999999997,1.2
2025-08-28 06:00:00,3380.705,long,close,manual,3383.2753929583664,3392.4049999999997,1.2
2025-09-10 07:30:00,3641.0650000000005,short,open,,3645.3601885579233,3636.0950000000003,1.2
2025-09-10 08:30:00,3645.37,short,close,sl,3645.3601885579233,3636.0950000000003,1.2
2025-09-11 15:45:00,3637.0850000000005,short,open,,3646.1171982044552,3631.6949999999997,1.2
2025-09-11 15:45:00,3631.6949999999997,short,close,tp,3646.1171982044552,3631.6949999999997,1.2
2025-09-17 11:30:00,3667.105,long,open,,3661.40897041687,3675.205,1.2
2025-09-17 13:00:00,3672.96602958313,long,close,manual,3661.40897041687,3675.205,1.2
2025-09-17 16:45:00,3679.0349999999994,short,open,,3684.958393212193,3674.48,1.2
2025-09-17 17:15:00,3684.255,short,close,eod,3684.958393212193,3674.48,1.2
2025-09-19 07:00:00,3653.72,short,open,,3658.6556172121095,3648.845,1.2
2025-09-19 07:15:00,3659.255,short,close,manual,3658.6556172121095,3648.845,1.2
2025-09-25 11:30:00,3757.155,short,open,,3764.3232939982195,3751.525,1.2
2025-09-25 12:15:00,3751.525,short,close,tp,3764.3232939982195,3751.525,1.2
2025-10-02 12:45:00,3877.635,short,open,,3881.7351601068813,3874.035,1.2
2025-10-02 13:15:00,3881.9001601068812,short,close,manual,3881.7351601068813,3874.035,1.2
2025-10-02 14:45:00,3884.7950000000005,short,open,,3888.1453058250127,3879.245,1.2
2025-10-02 15:00:00,3888.3103058250126,short,close,manual,3888.1453058250127,3879.245,1.2
2025-10-03 06:45:00,3840.9249999999997,long,open,,3835.39995340815,3851.8,1.2
2025-10-03 08:15:00,3830.0499999999993,long,close,manual,3835.39995340815,3851.8,1.2
2025-10-03 17:00:00,3881.875,short,open,,3893.625673724878,3877.0425,1.2
2025-10-03 17:15:00,3867.375,short,close,manual,3893.625673724878,3877.0425,1.2
2025-10-07 10:30:00,3951.465,long,open,,3940.887195264714,3963.41,1.2
2025-10-07 12:15:00,3939.5200000000004,long,close,manual,3940.887195264714,3963.41,1.2
2025-11-03 02:30:00,3970.995,long,open,,3957.5300236205953,3988.235,1.2
2025-11-03 03:00:00,3953.7549999999997,long,close,manual,3957.5300236205953,3988.235,1.2
2025-11-03 05:45:00,4010.82,short,open,,4018.4731912691623,3998.9325,1.2
2025-11-03 07:00:00,3998.9325,short,close,tp,4018.4731912691623,3998.9325,1.2
2025-11-12 10:45:00,4128.63,short,open,,4136.508045825925,4121.9525,1.2
2025-11-12 11:45:00,4121.9525,short,close,tp,4136.508045825925,4121.9525,1.2
2025-11-20 17:00:00,4093.2250000000004,short,open,,4113.167649338124,4083.4975000000004,1.2
2025-11-20 17:30:00,4083.4975000000004,short,close,tp,4113.167649338124,4083.4975000000004,1.2
2025-11-21 09:15:00,4032.715,long,open,,4019.823690145099,4054.685,1.2
2025-11-21 11:00:00,4010.7450000000003,long,close,manual,4019.823690145099,4054.685,1.2
2025-11-21 16:15:00,4076.115,short,open,,4088.805955653799,4063.9975,1.2
2025-11-21 16:30:00,4063.9975,short,close,tp,4088.805955653799,4063.9975,1.2
2025-11-24 20:00:00,4092.995,short,open,,4103.785549863579,4088.0275,1.2
2025-11-24 20:30:00,4095.915,short,close,eod,4103.785549863579,4088.0275,1.2
2025-11-28 01:45:00,4162.455,short,open,,4165.3704983006955,4159.96,1.2
2025-11-28 02:00:00,4165.5354983006955,short,close,manual,4165.3704983006955,4159.96,1.2
2025-11-28 11:00:00,4166.865,long,open,,4153.430923849897,4176.205,1.2
2025-11-28 12:15:00,4157.525,long,close,manual,4153.430923849897,4176.205,1.2
2025-12-04 18:15:00,4210.265,short,open,,4219.190930822653,4204.9475,1.2
2025-12-04 18:45:00,4211.075,short,close,eod,4219.190930822653,4204.9475,1.2
2025-12-10 11:15:00,4198.185,long,open,,4192.41574141313,4207.18,1.2
2025-12-10 12:00:00,4204.119258586871,long,close,manual,4192.41574141313,4207.18,1.2
2025-12-10 12:15:00,4195.805,long,open,,4189.530704016566,4203.59,1.2
2025-12-10 12:30:00,4202.244295983434,long,close,manual,4189.530704016566,4203.59,1.2
2025-12-19 20:00:00,4353.325,short,open,,4359.6321326344205,4345.4400000000005,1.2
2025-12-19 20:30:00,4354.575,short,close,eod,4359.6321326344205,4345.4400000000005,1.2
2025-12-29 02:45:00,4489.6449999999995,long,open,,4466.604240768704,4514.335,1.2
2025-12-29 03:00:00,4464.954999999999,long,close,manual,4466.604240768704,4514.335,1.2
2025-12-30 14:30:00,4393.715,short,open,,4403.3604412026425,4383.8775000000005,1.2
2025-12-30 15:00:00,4403.5254412026425,short,close,manual,4403.3604412026425,4383.8775000000005,1.2
2025-12-31 01:00:00,4341.055,long,open,,4330.435759610935,4359.665,1.2
2025-12-31 01:30:00,4351.839240389066,long,close,manual,4330.435759610935,4359.665,1.2
2026-01-08 17:30:00,4447.585,short,open,,4459.112603535538,4438.1375,1.2
2026-01-08 18:15:00,4447.425,short,close,eod,4459.112603535538,4438.1375,1.2
2026-02-13 17:45:00,5006.995,short,open,,5029.162277860419,4989.780000000001,1.2
2026-02-13 18:00:00,4977.235,short,close,manual,5029.162277860419,4989.780000000001,1.2
2026-02-24 15:00:00,5150.955,long,open,,5140.346739923781,5165.545,1.2
2026-02-24 15:30:00,5161.728260076219,long,close,manual,5140.346739923781,5165.545,1.2
2026-02-26 17:30:00,5141.905,long,open,,5124.9978059448495,5165.049999999999,1.2
2026-02-26 17:45:00,5108.325,long,close,manual,5124.9978059448495,5165.049999999999,1.2
2026-03-04 12:30:00,5187.975,short,open,,5210.395236969107,5173.797500000001,1.2
2026-03-04 14:30:00,5173.797500000001,short,close,tp,5210.395236969107,5173.797500000001,1.2
2026-03-06 15:45:00,5121.415,short,open,,5137.826607869053,5107.405000000001,1.2
2026-03-06 16:00:00,5085.315,short,close,manual,5137.826607869053,5107.405000000001,1.2
2026-03-09 22:15:00,5122.775,short,open,,5137.100328595436,5108.3675,1.2
2026-03-09 22:30:00,5139.83,short,close,manual,5137.100328595436,5108.3675,1.2
2026-03-12 11:15:00,5181.495,short,open,,5194.147623489238,5171.469999999999,1.2
2026-03-12 14:15:00,5179.085,short,close,time,5194.147623489238,5171.469999999999,1.2
2026-04-07 12:15:00,4685.235,short,open,,4700.170624132336,4671.2474999999995,1.2
2026-04-07 12:30:00,4671.2474999999995,short,close,tp,4700.170624132336,4671.2474999999995,1.2
2026-04-14 01:15:00,4748.225,short,open,,4760.893280039302,4736.8724999999995,1.2
2026-04-14 02:00:00,4761.058280039302,short,close,manual,4760.893280039302,4736.8724999999995,1.2
2026-04-16 03:00:00,4823.37,short,open,,4830.253053220164,4814.7775,1.2
2026-04-16 03:15:00,4830.4180532201635,short,close,manual,4830.253053220164,4814.7775,1.2
2026-04-16 17:45:00,4787.865,long,open,,4767.9116418236035,4804.49,1.2
2026-04-16 18:00:00,4771.24,long,close,manual,4767.9116418236035,4804.49,1.2
2026-04-21 01:30:00,4828.685,short,open,,4836.900496695193,4820.7775,1.2
2026-04-21 02:45:00,4820.7775,short,close,tp,4836.900496695193,4820.7775,1.2
2026-04-27 17:30:00,4689.215,long,open,,4682.533104154889,4701.315,1.2
2026-04-27 17:45:00,4696.061895845111,long,close,manual,4682.533104154889,4701.315,1.2
2026-05-05 12:15:00,4557.485,short,open,,4564.42180294577,4550.719999999999,1.2
2026-05-05 13:15:00,4550.719999999999,short,close,tp,4564.42180294577,4550.719999999999,1.2
2026-05-14 10:45:00,4709.085,short,open,,4723.454463077735,4700.005,1.2
2026-05-14 11:00:00,4693.375,short,close,manual,4723.454463077735,4700.005,1.2
2026-05-21 16:45:00,4497.925,long,open,,4483.746467990882,4519.225,1.2
2026-05-21 17:15:00,4487.775000000001,long,close,eod,4483.746467990882,4519.225,1.2
2026-05-26 03:30:00,4549.475,long,open,,4538.006229773586,4564.445,1.2
2026-05-26 04:30:00,4561.108770226415,long,close,manual,4538.006229773586,4564.445,1.2
2026-06-02 07:30:00,4504.445,short,open,,4514.422262718174,4494.4400000000005,1.2
2026-06-02 07:45:00,4514.587262718174,short,close,manual,4514.422262718174,4494.4400000000005,1.2
2026-06-04 04:15:00,4464.255,short,open,,4471.388139300242,4454.5575,1.2
2026-06-04 05:45:00,4471.553139300242,short,close,manual,4471.388139300242,4454.5575,1.2
2026-06-05 03:30:00,4457.855,long,open,,4447.50847886861,4468.945,1.2
2026-06-05 04:00:00,4446.764999999999,long,close,manual,4447.50847886861,4468.945,1.2
2026-06-09 05:45:00,4338.235,short,open,,4343.335857592612,4332.1575,1.2
2026-06-09 06:00:00,4332.1575,short,close,tp,4343.335857592612,4332.1575,1.2
2026-06-17 17:00:00,4339.765,short,open,,4348.409582850243,4334.8175,1.2
2026-06-17 17:15:00,4348.574582850243,short,close,manual,4348.409582850243,4334.8175,1.2
2026-06-23 05:00:00,4161.455,long,open,,4145.842047978778,4176.055,1.2
2026-06-23 06:00:00,4177.2329520212215,long,close,manual,4145.842047978778,4176.055,1.2
2026-06-25 18:30:00,4026.7449999999994,short,open,,4047.244615629105,4015.4025,1.2
2026-06-25 19:00:00,4041.615,short,close,eod,4047.244615629105,4015.4025,1.2
2026-07-09 10:15:00,4101.57,short,open,,4114.840319315988,4091.385,1.2
2026-07-09 11:15:00,4115.005319315988,short,close,manual,4114.840319315988,4091.385,1.2
2026-07-16 05:30:00,4034.845,long,open,,4025.1570377352173,4048.835,1.2
2026-07-16 05:45:00,4044.6979622647823,long,close,manual,4025.1570377352173,4048.835,1.2
2026-07-27 17:45:00,4069.0449999999996,long,open,,4061.1595306302515,4085.705,1.2
2026-07-27 18:15:00,4062.2149999999992,long,close,eod,4061.1595306302515,4085.705,1.2
2026-07-31 11:45:00,4059.465,long,open,,4051.1463875917448,4072.73,1.2
2026-07-31 12:30:00,4067.9486124082555,long,close,manual,4051.1463875917448,4072.73,1.2
2026-08-07 05:15:00,4258.555,short,open,,4266.215943257925,4251.637500000001,1.2
2026-08-07 05:30:00,4251.637500000001,short,close,tp,4266.215943257925,4251.637500000001,1.2
2026-08-07 07:15:00,4265.795,short,open,,4273.240812469991,4257.014999999999,1.2
2026-08-07 08:30:00,4273.405812469991,short,close,manual,4273.240812469991,4257.014999999999,1.2
2026-08-26 04:00:00,4637.755,long,open,,4630.677932100231,4655.0599999999995,1.2
2026-08-26 04:45:00,4620.450000000001,long,close,manual,4630.677932100231,4655.0599999999995,1.2
2026-08-27 17:00:00,4572.635,long,open,,4560.757244445599,4588.0599999999995,1.2
2026-08-27 17:30:00,4563.9800000000005,long,close,eod,4560.757244445599,4588.0599999999995,1.2
2026-08-31 23:15:00,4449.975,short,open,,4459.901547472669,4442.595,1.2
2026-09-01 02:15:00,4442.595,short,close,tp,4459.901547472669,4442.595,1.2
2026-09-01 03:15:00,4455.015,short,open,,4460.972306298043,4448.1425,1.2
2026-09-01 03:30:00,4461.02,short,close,manual,4460.972306298043,4448.1425,1.2
