side,pnl,bars,dtopen,dtclose
long,-5.969741825874053,1,2023-11-10 15:00:00,2023-11-10 16:00:00
long,6.179999999999836,2,2024-02-14 18:00:00,2024-02-14 20:00:00
short,2.7550000000003365,1,2024-02-23 15:00:00,2024-02-23 15:15:00
long,-1.0800000000001546,6,2024-02-26 16:45:00,2024-02-26 18:15:00
long,-0.169999999999618,12,2024-03-14 09:15:00,2024-03-14 12:15:00
long,3.974999999999909,1,2024-03-14 16:00:00,2024-03-14 16:15:00
short,0.7475000000004002,1,2024-03-20 04:30:00,2024-03-20 04:45:00
long,-2.1574717927596794,8,2024-03-20 13:30:00,2024-03-20 15:30:00
short,2.2674999999999272,1,2024-04-02 08:00:00,2024-04-02 08:15:00
long,7.579999999999927,8,2024-04-11 11:45:00,2024-04-11 13:45:00
short,2.167500000000018,1,2024-04-18 15:15:00,2024-04-18 15:30:00
long,-0.2899999999999636,2,2024-04-26 18:00:00,2024-04-26 18:30:00
long,-5.644999999999982,1,2024-04-29 04:00:00,2024-04-29 04:15:00
short,-3.6493588080456907,3,2024-04-29 10:45:00,2024-04-29 11:30:00
short,-4.055119979602296,2,2024-05-01 14:45:00,2024-05-01 15:15:00
short,1.5574999999998909,3,2024-05-03 08:15:00,2024-05-03 09:00:00
short,-2.2331346100604605,4,2024-05-08 07:30:00,2024-05-08 08:30:00
short,-1.9149999999999636,1,2024-05-09 07:30:00,2024-05-09 07:45:00
long,-2.4010785659620524,2,2024-05-13 07:45:00,2024-05-13 08:15:00
short,2.0300000000002,1,2024-05-14 05:45:00,2024-05-14 06:00:00
short,-1.8093004078641572,5,2024-05-14 07:15:00,2024-05-14 08:30:00
short,-2.535656394405578,1,2024-05-17 08:45:00,2024-05-17 09:00:00
short,3.475000000000364,1,2024-05-21 15:45:00,2024-05-21 16:00:00
short,0.6700000000000728,2,2024-05-30 17:15:00,2024-05-30 17:45:00
long,5.904999999999745,7,2024-06-11 08:45:00,2024-06-11 10:30:00
long,5.849999999999909,2,2024-06-13 15:00:00,2024-06-13 15:30:00
short,-2.9849999999996726,2,2024-06-14 09:00:00,2024-06-14 09:30:00
short,-3.582719882023867,2,2024-06-14 10:15:00,2024-06-14 10:45:00
long,-3.2974902749742796,1,2024-06-17 09:15:00,2024-06-17 09:30:00
short,2.819999999999709,1,2024-06-24 16:45:00,2024-06-24 17:00:00
long,5.8449999999998,2,2024-06-26 09:15:00,2024-06-26 09:45:00
long,1.1700000000000728,2,2024-06-26 17:00:00,2024-06-26 17:30:00
short,-2.8399999999996908,1,2024-06-27 11:30:00,2024-06-27 11:45:00
long,5.204999999999927,2,2024-07-02 15:15:00,2024-07-02 15:45:00
short,-1.8234246346050895,2,2024-07-03 07:00:00,2024-07-03 07:30:00
short,1.5599999999999454,1,2024-07-05 04:15:00,2024-07-05 04:30:00
short,-1.1600000000003092,2,2024-07-12 18:30:00,2024-07-12 19:00:00
long,4.875,5,2024-07-15 10:00:00,2024-07-15 11:15:00
long,-1.2599999999997635,2,2024-07-22 17:45:00,2024-07-22 18:15:00
short,-1.5459569765357628,1,2024-07-23 04:00:00,2024-07-23 04:15:00
long,-3.276898015571987,1,2024-07-23 09:00:00,2024-07-23 09:15:00
short,-3.794721174546794,3,2024-07-30 07:45:00,2024-07-30 08:30:00
short,1.2424999999998363,2,2024-07-30 14:00:00,2024-07-30 14:30:00
short,2.1274999999996,2,2024-08-07 14:00:00,2024-08-07 14:30:00
short,3.7175000000002005,2,2024-08-07 16:00:00,2024-08-07 16:30:00
long,-4.718068694584417,9,2024-08-19 14:15:00,2024-08-19 16:30:00
long,7.119999999999892,1,2024-08-19 16:45:00,2024-08-19 17:00:00
short,1.8175000000001094,1,2024-08-23 12:45:00,2024-08-23 13:00:00
short,1.1700000000000728,2,2024-08-27 17:30:00,2024-08-27 18:00:00
long,6.644999999999982,1,2024-08-28 15:45:00,2024-08-28 16:00:00
short,-1.677082979194438,1,2024-09-12 08:00:00,2024-09-12 08:15:00
short,1.7849999999998545,4,2024-09-17 10:00:00,2024-09-17 11:00:00
long,-3.5828869278216193,2,2024-09-17 13:00:00,2024-09-17 13:30:00
short,1.7224999999998543,1,2024-09-18 04:15:00,2024-09-18 04:30:00
long,4.494999999999891,9,2024-09-18 08:30:00,2024-09-18 10:45:00
long,7.705000000000382,9,2024-09-23 11:00:00,2024-09-23 13:15:00
short,-2.631418990655675,1,2024-10-01 09:00:00,2024-10-01 09:15:00
short,2.5450000000000728,1,2024-10-01 11:00:00,2024-10-01 11:15:00
short,5.289999999999964,1,2024-10-02 17:15:00,2024-10-02 17:30:00
short,-4.312850696470832,1,2024-10-08 14:15:00,2024-10-08 14:30:00
long,7.029999999999746,1,2024-10-09 17:45:00,2024-10-09 18:00:00
short,1.9600000000000364,1,2024-10-10 06:15:00,2024-10-10 06:30:00
long,4.9650000000001455,3,2024-10-15 08:45:00,2024-10-15 09:30:00
short,-3.658381995418495,2,2024-10-15 10:45:00,2024-10-15 11:15:00
long,-2.2100000000000364,2,2024-10-21 18:30:00,2024-10-21 19:00:00
short,3.8099999999999454,1,2024-10-22 16:45:00,2024-10-22 17:00:00
long,-5.450000000000273,1,2024-10-23 16:00:00,2024-10-23 16:15:00
short,2.5399999999999636,1,2024-10-24 15:00:00,2024-10-24 15:15:00
long,-3.8363591535303385,2,2024-10-25 11:45:00,2024-10-25 12:15:00
short,2.9049999999997453,1,2024-11-04 12:15:00,2024-11-04 12:30:00
short,3.1024999999999636,1,2024-11-04 16:15:00,2024-11-04 16:30:00
short,5.75,1,2024-11-12 16:45:00,2024-11-12 17:00:00
long,5.595000000000255,3,2024-11-15 08:30:00,2024-11-15 09:15:00
long,-4.182827785906738,3,2024-11-20 08:30:00,2024-11-20 09:15:00
long,-4.573713340334507,3,2024-12-02 01:45:00,2024-12-02 02:30:00
short,3.2174999999997453,1,2024-12-03 16:15:00,2024-12-03 16:30:00
long,6.829999999999928,2,2024-12-05 17:45:00,2024-12-05 18:15:00
long,-4.523059825356995,11,2024-12-17 13:15:00,2024-12-17 16:00:00
short,1.2150000000001455,1,2024-12-18 03:30:00,2024-12-18 03:45:00
long,-4.181138170822578,1,2024-12-23 13:15:00,2024-12-23 13:30:00
short,1.625,1,2024-12-24 03:00:00,2024-12-24 03:15:00
long,0.09000000000014552,6,2024-12-27 16:45:00,2024-12-27 18:15:00
short,2.949999999999818,1,2024-12-30 03:45:00,2024-12-30 04:00:00
long,-2.622541186406579,2,2025-01-06 07:00:00,2025-01-06 07:30:00
short,1.1749999999997272,2,2025-01-07 03:45:00,2025-01-07 04:15:00
long,6.154999999999745,3,2025-01-14 16:15:00,2025-01-14 17:00:00
long,5.510000000000218,3,2025-01-23 11:45:00,2025-01-23 12:30:00
long,6.405000000000201,8,2025-01-23 15:30:00,2025-01-23 17:30:00
short,-1.5299999999997453,2,2025-01-23 19:00:00,2025-01-23 19:30:00
short,-3.8899999999998727,1,2025-01-27 12:15:00,2025-01-27 12:30:00
long,-6.852226698919822,2,2025-02-03 04:00:00,2025-02-03 04:30:00
long,8.440000000000055,4,2025-02-06 17:15:00,2025-02-06 18:15:00
short,-2.1299999999996544,2,2025-02-21 19:30:00,2025-02-21 20:00:00
long,7.0300000000002,4,2025-02-24 03:30:00,2025-02-24 04:30:00
long,9.099999999999909,4,2025-03-19 12:15:00,2025-03-19 13:15:00
long,-2.4850000000001273,2,2025-03-24 18:00:00,2025-03-24 18:30:00
short,2.5724999999997635,1,2025-03-25 14:45:00,2025-03-25 15:00:00
long,5.545000000000073,3,2025-03-26 08:00:00,2025-03-26 08:45:00
long,3.1599999999998545,12,2025-04-03 09:45:00,2025-04-03 12:45:00
long,11.740000000000236,8,2025-04-04 06:15:00,2025-04-04 08:15:00
long,12.539999999999965,2,2025-04-04 11:45:00,2025-04-04 12:15:00
short,-5.4144664124428346,5,2025-04-15 06:15:00,2025-04-15 07:30:00
long,-8.467272710717225,2,2025-04-30 12:30:00,2025-04-30 13:00:00
short,-4.726816202959981,3,2025-06-06 07:00:00,2025-06-06 07:45:00
short,4.489999999999782,1,2025-06-06 08:15:00,2025-06-06 08:30:00
short,4.4950000000008,4,2025-06-17 13:45:00,2025-06-17 14:45:00
long,5.594999999999345,12,2025-06-18 22:45:00,2025-06-19 02:45:00
short,6.977499999999509,5,2025-06-19 13:45:00,2025-06-19 15:00:00
long,-3.334312908213178,1,2025-06-27 02:45:00,2025-06-27 03:00:00
