net,net_per_trade,pf,E_R,maxDD_pct,n_trades,fill_rate,mode,selection,avg_entry_improve_pts
-92.4089207339738,-0.08588189659291245,0.9861036208168729,-0.03327558628348806,73.9352283557909,1076,1.0,m15_legacy_cost,follow_ridge,
172.9442792660265,0.16072888407623281,1.0263946724557118,-0.016983575634969085,58.373862452497626,1076,1.0,m15_classic_cost,follow_ridge,
-648.0249046765027,-0.6028138648153514,0.8765681574914169,-0.0722209126459811,66.14696513991166,1075,0.9990706319702602,fade_close,fade_ridge,0.0
-611.1735386568384,-0.5685335243319427,0.8832986698473955,-0.06573570199523453,62.39647216724799,1075,0.9990706319702602,fade_next,fade_ridge,-0.17413953488472164
-1906.371063105477,-2.302380510996953,0.5284679828884973,-0.4694243185622097,190.637106310547,828,0.7695167286245354,fade_limit_far,fade_ridge,254.36280193236618
591.510076508391,0.5512675456741761,1.098029688936548,-0.0040219787635664885,53.619970141625195,1073,0.9972118959107806,follow_close,follow_ridge,0.0
604.8387190179435,0.5636893933065643,1.100552893430568,-0.0052274684676911825,54.390632908691806,1073,0.9972118959107806,follow_next,follow_ridge,-0.4162162162166302
628.4405207158051,0.6898359173609276,1.174482275658772,-0.009027633328144548,38.002400384193635,911,0.8466542750929368,follow_stop_break,follow_ridge,-374.5749725576299
377.97695869074613,0.4209097535531694,1.1105257201396572,-0.019408504414880935,43.66491701670761,898,0.8345724907063197,follow_stop_break_buffer,follow_ridge,-445.1637863411562
665.7585207158052,0.7307996934311802,1.1853745164896077,-0.004238154646462896,35.93577927623763,911,0.8466542750929368,follow_stop_limit,follow_ridge,-374.47859495060464
-2742.019682227279,-0.3399478901843887,0.9117839871136845,-0.058763670685744646,279.3973822306353,8066,0.9969101470769991,follow_close,follow_all,0.0
-1941.409081046477,-0.2885995363529771,0.8953926273853141,-0.06461256681606044,225.46676219877355,6727,0.8314176245210728,follow_stop_break,follow_all,-268.48336554184664
