net,net_per_trade,pf,E_R,maxDD_pct,n_trades,fill_rate,policy,n_selected,stop_limit_share,next_share,scheme
604.8387190179435,0.5621177686040367,1.100552893430568,-0.00522746846769118,54.390632908691806,1076,1.0,next_all,1076,0.0,1.0,walk_forward
665.758520715805,0.7307996934311801,1.1853745164896077,-0.004238154646462896,35.93577927623763,911,0.8466542750929368,stop_limit_all,1076,0.8466542750929368,0.0,walk_forward
-1654.7055781494,-1.5378304629641264,0.721433661430896,-0.14147545668288722,173.7184931469545,1076,1.0,stop_limit_fallback_next,1076,0.8466542750929368,0.1533457249070632,walk_forward
582.7388149332021,0.9632046527821522,1.1932693498985452,-0.014171642338800092,38.08885066709379,605,0.5622676579925651,fill_filter,718,0.5622676579925651,0.0,walk_forward
506.7447969523038,0.9114115053098989,1.1981314634026021,-0.015230599980646247,38.08841546989535,556,0.516728624535316,target_filter,556,0.516728624535316,0.0,walk_forward
348.85574686384143,6.120276260769148,1.5346253448415312,0.09337615919994657,20.327277143623988,57,0.05297397769516728,slip_target_filter,57,0.05297397769516728,0.0,walk_forward
253.44115187203766,0.23554010397029523,1.0424086061813798,-0.01092154180041718,58.759058684773095,1076,1.0,selector_with_fallback,57,0.05297397769516728,0.9470260223048327,walk_forward
604.8387190179435,0.5621177686040367,1.100552893430568,-0.00522746846769118,54.390632908691806,1076,1.0,next_all,1076,0.0,1.0,purged_kfold
665.758520715805,0.7307996934311801,1.1853745164896077,-0.004238154646462896,35.93577927623763,911,0.8466542750929368,stop_limit_all,1076,0.8466542750929368,0.0,purged_kfold
-1654.7055781494,-1.5378304629641264,0.721433661430896,-0.14147545668288722,173.7184931469545,1076,1.0,stop_limit_fallback_next,1076,0.8466542750929368,0.1533457249070632,purged_kfold
665.758520715805,0.7307996934311801,1.1853745164896077,-0.004238154646462896,35.93577927623763,911,0.8466542750929368,fill_filter,1075,0.8466542750929368,0.0,purged_kfold
685.1049454828978,0.8107750834117134,1.2237402252276002,-0.007959901515155195,36.76491375037889,845,0.7853159851301115,target_filter,845,0.7853159851301115,0.0,purged_kfold
434.6364227680339,3.2927001724851053,1.5498467539643999,0.04859346260169682,19.084695082378346,132,0.12267657992565056,slip_target_filter,132,0.12267657992565056,0.0,purged_kfold
156.20048454471925,0.1451677365657242,1.026195923140557,-0.019034396487005573,65.14632083972653,1076,1.0,selector_with_fallback,132,0.12267657992565056,0.8773234200743495,purged_kfold
