config,period_start,period_end,start_equity,end_equity,return_pct,cagr_pct,maxDD_pct,sharpe_monthly
no_controls,,2023-01-01 00:00:00,1000.0,1015.1162591102119,1.511625911021186,0.5392208591121328,11.22584100772102,0.09488899524592376
no_controls,2023-01-01,2024-01-01 00:00:00,1015.1162591102119,999.8583028212745,-1.503074761339318,-1.5164663787751165,4.600951957369735,-2.20297843136373
no_controls,2024-01-01,2025-01-01 00:00:00,999.8583028212745,836.510998000232,-16.337045395345484,-16.94071693587408,19.855408942478736,-1.9189652578460399
no_controls,2025-01-01,2026-01-01 00:00:00,836.510998000232,806.1088791705549,-3.634395591015127,-3.646645967744633,15.708689671595202,0.8331581215121391
no_controls,2026-01-01,2026-09-17 02:01:00,806.1088791705549,941.4887346872432,16.794239465019565,24.580007230063927,6.041312205250895,1.4090718832885398
pos1,,2023-01-01 00:00:00,1000.0,1004.9929955723732,0.49929955723730934,0.17868289144717941,8.721819833361694,0.034959909881353377
pos1,2023-01-01,2024-01-01 00:00:00,1004.9929955723732,1005.8204388281177,0.08233323609119214,0.08307272264069798,2.766209607943086,-0.18438203240218182
pos1,2024-01-01,2025-01-01 00:00:00,1005.8204388281177,982.6651890027958,-2.302125601295213,-2.394460142750632,9.15262084738982,-0.5128427105538174
pos1,2025-01-01,2026-01-01 00:00:00,982.6651890027958,989.955750493426,0.7419171425039117,0.7444743953123112,9.396470493475475,1.7516575663029863
pos1,2026-01-01,2026-09-17 02:01:00,989.955750493426,1123.2888249202294,13.468589314254299,19.587927088394075,2.8529363334254567,1.5260732325968072
pos3_dedupe,,2023-01-01 00:00:00,1000.0,1015.450802616548,1.5450802616548076,0.5510961011477411,8.448158743778443,0.14359603290539558
pos3_dedupe,2023-01-01,2024-01-01 00:00:00,1015.450802616548,1016.2868561232566,0.08233323609123655,0.08307272264074239,2.7662096079430714,-0.18438203240206072
pos3_dedupe,2024-01-01,2025-01-01 00:00:00,1016.2868561232566,995.8845985526069,-2.0075294143305555,-2.08817485299434,9.83277217012896,-0.4407553300487429
pos3_dedupe,2025-01-01,2026-01-01 00:00:00,995.8845985526069,1002.8377799018306,0.6981914731214012,0.7005974880496701,9.396470493475466,1.7708450752543652
pos3_dedupe,2026-01-01,2026-09-17 02:01:00,1002.8377799018306,1150.1042581489096,14.684975097517295,21.406866041026774,2.613959587971987,1.7591416855233557
pos3_dedupe_heat2,,2023-01-01 00:00:00,1000.0,1015.450802616548,1.5450802616548076,0.5510961011477411,8.448158743778443,0.14359603290539558
pos3_dedupe_heat2,2023-01-01,2024-01-01 00:00:00,1015.450802616548,1016.2868561232566,0.08233323609123655,0.08307272264074239,2.7662096079430714,-0.18438203240206072
pos3_dedupe_heat2,2024-01-01,2025-01-01 00:00:00,1016.2868561232566,995.8845985526069,-2.0075294143305555,-2.08817485299434,9.83277217012896,-0.4407553300487429
pos3_dedupe_heat2,2025-01-01,2026-01-01 00:00:00,995.8845985526069,1002.8377799018306,0.6981914731214012,0.7005974880496701,9.396470493475466,1.7708450752543652
pos3_dedupe_heat2,2026-01-01,2026-09-17 02:01:00,1002.8377799018306,1150.1042581489096,14.684975097517295,21.406866041026774,2.613959587971987,1.7591416855233557
pos3_dedupe_heat15,,2023-01-01 00:00:00,1000.0,1004.9929955723732,0.49929955723730934,0.17868289144717941,8.721819833361694,0.034959909881353377
pos3_dedupe_heat15,2023-01-01,2024-01-01 00:00:00,1004.9929955723732,1005.8204388281177,0.08233323609119214,0.08307272264069798,2.766209607943086,-0.18438203240218182
pos3_dedupe_heat15,2024-01-01,2025-01-01 00:00:00,1005.8204388281177,982.6651890027958,-2.302125601295213,-2.394460142750632,9.15262084738982,-0.5128427105538174
pos3_dedupe_heat15,2025-01-01,2026-01-01 00:00:00,982.6651890027958,989.955750493426,0.7419171425039117,0.7444743953123112,9.396470493475475,1.7516575663029863
pos3_dedupe_heat15,2026-01-01,2026-09-17 02:01:00,989.955750493426,1123.2888249202294,13.468589314254299,19.587927088394075,2.8529363334254567,1.5260732325968072
pos3_dedupe_dd6,,2023-01-01 00:00:00,1000.0,995.3469194021944,-0.4653080597805559,-0.16703443810448526,8.26441247589953,-0.0463266163402253
pos3_dedupe_dd6,2023-01-01,2024-01-01 00:00:00,995.3469194021944,995.9362299892096,0.059206551557822173,0.05973826082781297,1.3782086787839327,-0.11164260184206992
pos3_dedupe_dd6,2024-01-01,2025-01-01 00:00:00,995.9362299892096,981.249742697308,-1.4746413324134955,-1.5340477284011445,5.52244903426222,-0.5620774965072854
pos3_dedupe_dd6,2025-01-01,2026-01-01 00:00:00,981.249742697308,985.3427335499348,0.417120196268872,0.41855560809223036,4.787167345845233,1.7736124666056259
pos3_dedupe_dd6,2026-01-01,2026-09-17 02:01:00,985.3427335499348,1076.1148353984472,9.212236388193995,13.287134290558612,2.2769596205661253,1.4548733934770222
full_controls,,2023-01-01 00:00:00,1000.0,1019.3679155539226,1.9367915553922588,0.689954915968638,8.102116140159179,0.16360955022346294
full_controls,2023-01-01,2024-01-01 00:00:00,1019.3679155539226,1019.9714481444091,0.05920655155784438,0.05973826082783518,1.3782086787839172,-0.11164260184201465
full_controls,2024-01-01,2025-01-01 00:00:00,1019.9714481444091,1010.5700449339747,-0.921731998237596,-0.9589727493124034,5.0010419672372155,-0.4352973192920697
full_controls,2025-01-01,2026-01-01 00:00:00,1010.5700449339747,1010.0559117864849,-0.05087555781682074,-0.051050223234294645,5.538151723068658,1.6567461165808504
full_controls,2026-01-01,2026-09-17 02:01:00,1010.0559117864849,1100.6337808255146,8.967609414693168,12.928062056593625,2.2769596205661378,1.3942892450107787
