theta,factor,return_pct,cagr_pct,maxDD_pct,sharpe_monthly,accepted
0.04,0.25,0.3412745229020464,0.051138092409797054,7.86654258717027,0.1335627566356799,724
0.04,0.5,8.12493406792174,1.1791366013965465,9.291590832737178,0.5024234441085818,724
0.04,0.75,12.315157859692283,1.7580706626616482,11.470831487139337,0.5755893003379111,724
0.06,0.25,3.303019063333501,0.4888374343267943,8.88692134717873,0.2550713840870537,724
0.06,0.5,7.611483539844732,1.1068909884154987,11.180243211056483,0.40917034172718963,724
0.06,0.75,10.972053132974313,1.5745318919787366,12.627903754602645,0.5013389670394232,724
0.08,0.25,1.5235784691584264,0.22716409853780206,10.888065230542265,0.12793213276156565,724
0.08,0.5,7.020043191304293,1.0233077175409555,12.406474321599996,0.3627036708658704,724
0.08,0.75,12.84175123075526,1.8295222435185554,12.756346524708734,0.532134460963331,724
0.1,0.25,3.9082542979831825,0.5769666482787983,12.828319345959299,0.20819424036850093,724
0.1,0.5,8.11393168007779,1.1775915586646368,13.112285990189987,0.36129378391358985,724
0.1,0.75,12.139009469222195,1.734106157732218,13.657395690817086,0.4993291074359916,724
0.12,0.25,-2.9171278085504015,-0.4432753658599631,14.167313290947824,-0.08762148998386736,724
0.12,0.5,5.720738798084435,0.8383004395281279,15.035618677010268,0.27725324959228237,724
0.12,0.75,12.510053357703388,1.7845484636000775,13.870337236260056,0.5069969457624823,724
